"","Assemblage","t","Method","Order.q","qD","qD.LCL","qD.UCL","SC","SC.LCL","SC.UCL"
"1","FVG",1,"Rarefaction",0,32.5333333333333,31.5406369197378,33.5260297469288,0.425983913550659,0.414727090020722,0.437240737080596
"2","FVG",5,"Rarefaction",0,84.5143257676098,82.447537698545,86.5811138366746,0.764992701771529,0.753123376838989,0.776862026704069
"3","FVG",10,"Rarefaction",0,114.84722570326,112.05062064128,117.64383076524,0.865357464052281,0.856684627948805,0.874030300155757
"4","FVG",15,"Rarefaction",0,133.646181436196,130.243337231475,137.049025640918,0.90721314228725,0.900328670650039,0.914097613924462
"5","FVG",20,"Rarefaction",0,147.119278769203,143.167979693889,151.070577844517,0.929685563173801,0.923839521550131,0.935531604797472
"6","FVG",25,"Rarefaction",0,157.585588421646,153.122122446494,162.049054396799,0.943400758648163,0.93820970569796,0.948591811598366
"7","FVG",30,"Rarefaction",0,166.156074232796,161.206609204099,171.105539261493,0.952496680816996,0.947753483698229,0.957239877935763
"8","FVG",35,"Rarefaction",0,173.439731088923,168.024261828026,178.85520034982,0.958896745943486,0.954479144599636,0.963314347287335
"9","FVG",40,"Rarefaction",0,179.801758875629,173.93598199655,185.667535754708,0.963608735605401,0.959435055683369,0.967782415527433
"10","FVG",45,"Rarefaction",0,185.47534470776,179.171558272399,191.779131143121,0.967209244080804,0.963217983785421,0.971200504376187
"11","FVG",49,"Rarefaction",0,189.624999418627,182.977668576076,196.272330261177,0.969530473533227,0.965648521583896,0.973412425482558
"12","FVG",54,"Rarefaction",0,194.41905440778,187.348613749003,201.489495066558,0.971928946128901,0.968144132883384,0.975713759374419
"13","FVG",59,"Rarefaction",0,198.851522577016,191.362697114908,206.340348039124,0.973914188278618,0.970187968176831,0.977640408380405
"14","FVG",64,"Rarefaction",0,202.982141719735,195.077402307676,210.886881131795,0.975592689435321,0.971891374072403,0.979294004798239
"15","FVG",69,"Rarefaction",0,206.855780107561,198.535540191651,215.176020023471,0.977036102583801,0.973330310802001,0.980741894365601
"16","FVG",74,"Rarefaction",0,210.507285946412,201.770065285146,219.244506607679,0.978292767947051,0.974556972925102,0.982028562969001
"17","FVG",79,"Rarefaction",0,213.964753857101,204.807302534812,223.122205179389,0.979395168554022,0.975607217245816,0.983183119862227
"18","FVG",84,"Rarefaction",0,217.251756806614,207.669138330304,226.834375282923,0.980364873528472,0.976505429981187,0.984224317075757
"19","FVG",89,"Rarefaction",0,220.388888888889,210.374524675512,230.403253102266,0.981215846994536,0.977267735793434,0.985163958195638
"20","FVG",90,"Observed",0,221,210.898353710458,231.101646289542,0.981375647364442,0.977408401336673,0.985342893392212
"21","FVG",91,"Extrapolation",0,221.60591227241,211.416640416025,231.795184128795,0.981534088282144,0.977547656669528,0.98552051989476
"22","FVG",96,"Extrapolation",0,224.559025915068,213.925993802555,235.192058027581,0.982306302440737,0.978224831710128,0.986387773171346
"23","FVG",102,"Extrapolation",0,227.940208036082,216.760784764548,239.119631307615,0.983190452873999,0.979001664398006,0.987379241349992
"24","FVG",108,"Extrapolation",0,231.152433180905,219.409899569362,242.894966792449,0.98403042249169,0.97974659239752,0.98831425258586
"25","FVG",113,"Extrapolation",0,233.706326967892,221.481214085063,245.931439850722,0.984698244045647,0.980346686890022,0.989049801201273
"26","FVG",119,"Extrapolation",0,236.630420333888,223.810310267383,249.450530400392,0.985462869648148,0.981044923344737,0.989880815951558
"27","FVG",125,"Extrapolation",0,239.408397354908,225.976706645948,252.840088063869,0.986189287066323,0.981721418637469,0.990657155495177
"28","FVG",131,"Extrapolation",0,242.047559434705,227.989069680769,256.106049188642,0.986879405555297,0.982377669695674,0.991381141414921
"29","FVG",136,"Extrapolation",0,244.145836901123,229.554668616713,258.737005185533,0.987428087307607,0.982909801945056,0.991946372670159
"30","FVG",142,"Extrapolation",0,246.548270099729,231.307241460941,261.789298738516,0.988056303202938,0.983531255979684,0.992581350426193
"31","FVG",148,"Extrapolation",0,248.830654204791,232.930226515428,264.731081894153,0.988653127278997,0.984134500860956,0.993171753697039
"32","FVG",154,"Extrapolation",0,250.998988044859,234.431879884193,267.566096205524,0.989220128178546,0.984719890392748,0.993720365964343
"33","FVG",159,"Extrapolation",0,252.722931440042,235.596314813857,269.849548066228,0.98967092474768,0.985194278622407,0.994147570872953
"34","FVG",165,"Extrapolation",0,254.696768986026,236.895900795242,272.49763717681,0.990187066516745,0.985747632466174,0.994626500567315
"35","FVG",171,"Extrapolation",0,256.571974275206,238.095716370346,275.048232180066,0.99067741678761,0.986283845091995,0.995070988483225
"36","FVG",177,"Extrapolation",0,258.353475941199,239.202637255145,277.504314627252,0.991143264356144,0.986803146811726,0.995483381900562
"37","FVG",182,"Extrapolation",0,259.769866708084,240.058795376961,279.480938039208,0.991513638522749,0.987223152676977,0.99580412436852
"38","FVG",188,"Extrapolation",0,261.391570345961,241.011948967118,281.771191724803,0.991937700262913,0.9877120840456,0.996163316480226
"39","FVG",194,"Extrapolation",0,262.932237786104,241.889545135334,283.974930436873,0.992340571725012,0.988184823609475,0.996496319840549
"40","FVG",200,"Extrapolation",0,264.395918390671,242.69697368209,286.094863099252,0.992723311782888,0.988641657787709,0.996804965778067
"41","VEN",1,"Rarefaction",0,21.9142857142857,21.0514265614868,22.7771448670847,0.38319823139278,0.368064134559467,0.398332328226093
"42","VEN",4,"Rarefaction",0,54.1645510118387,51.9347811318809,56.3943208917965,0.679340631358381,0.666645237938386,0.692036024778376
"43","VEN",8,"Rarefaction",0,77.0748838318609,73.9889620896918,80.16080557403,0.811843855665506,0.800305990824319,0.823381720506694
"44","VEN",12,"Rarefaction",0,91.3372773208575,87.7073845769195,94.9671700647954,0.871641869581793,0.861112769751594,0.882170969411992
"45","VEN",16,"Rarefaction",0,101.368582153833,97.2935924962429,105.443571811423,0.905259830885263,0.895799102136267,0.91472055963426
"46","VEN",19,"Rarefaction",0,107.204755304349,102.824173581966,111.585337026732,0.921978200518223,0.9132812415437,0.930675159492746
"47","VEN",23,"Rarefaction",0,113.485507439309,108.720334692244,118.250680186373,0.937730284876436,0.929909309210763,0.945551260542109
"48","VEN",27,"Rarefaction",0,118.556487986731,113.426435669699,123.686540303764,0.94873867623812,0.941605364101546,0.955871988374695
"49","VEN",31,"Rarefaction",0,122.771702474234,117.292751610095,128.250653338373,0.956686227795742,0.950074457011021,0.963297998580463
"50","VEN",35,"Rarefaction",0,126.36351827563,120.549395461692,132.177641089569,0.962565708902733,0.956345855539642,0.968785562265824
"51","VEN",38,"Rarefaction",0,128.745770429875,122.688398097327,134.803142762424,0.966004075423369,0.960011761542113,0.971996389304625
"52","VEN",42,"Rarefaction",0,131.599746280509,125.228028907166,137.971463653852,0.96964214526775,0.963881127641216,0.975403162894284
"53","VEN",46,"Rarefaction",0,134.162965397145,127.487379694038,140.838551100252,0.972477811383004,0.966876236749385,0.978079386016623
"54","VEN",50,"Rarefaction",0,136.498061942489,129.527816173365,143.468307711613,0.974729520646981,0.969221559006573,0.980237482287389
"55","VEN",53,"Rarefaction",0,138.127682692,130.941470635305,145.313894748695,0.976129950324647,0.97065124641717,0.981608654232124
"56","VEN",57,"Rarefaction",0,140.166282918288,132.697071794554,147.635494042022,0.977704415728561,0.972213134020397,0.983195697436725
"57","VEN",61,"Rarefaction",0,142.075861101116,134.326874443681,149.82484775855,0.97902005102582,0.973461597746683,0.984578504304958
"58","VEN",65,"Rarefaction",0,143.877005347593,135.848396160379,151.905614534808,0.980136355182534,0.974461773287349,0.985810937077719
"59","VEN",69,"Rarefaction",0,145.585714285714,137.274236608231,153.897191963197,0.98109517601043,0.975261227894938,0.986929124125922
"60","VEN",70,"Observed",0,146,137.61687735832,154.38312264168,0.98131923318364,0.975441571141628,0.987196895225652
"61","VEN",71,"Extrapolation",0,146.409375661376,137.954142912831,154.86460840992,0.981540634864426,0.975619362118682,0.98746190761017
"62","VEN",77,"Extrapolation",0,148.765729515053,139.866232460537,157.665226569569,0.982815016203998,0.97664304251675,0.988986989891245
"63","VEN",84,"Extrapolation",0,151.31000499194,141.86167005613,160.75833992775,0.984191030755213,0.977770948120158,0.990611113390269
"64","VEN",91,"Extrapolation",0,153.650558421716,143.615719175819,163.685397667612,0.985456866788507,0.978850323823493,0.992063409753521
"65","VEN",98,"Extrapolation",0,155.803701981601,145.143950378412,166.463453584791,0.986621346380507,0.979891120321577,0.993351572439436
"66","VEN",104,"Extrapolation",0,157.511498635591,146.287491291529,168.735505979653,0.987544970047737,0.980754909290082,0.994335030805393
"67","VEN",111,"Extrapolation",0,159.355493814615,147.44401130133,171.266976327899,0.988542253644486,0.981729770420391,0.995354736868581
"68","VEN",118,"Extrapolation",0,161.051838915592,148.42711377469,173.676564056494,0.989459683995104,0.982668321271835,0.996251046718372
"69","VEN",125,"Extrapolation",0,162.612356391095,149.254965531995,175.969747250195,0.990303655008944,0.983569427367024,0.997037882650865
"70","VEN",132,"Extrapolation",0,164.047922061044,149.944666612665,178.151177509423,0.991080048630241,0.984432168353848,0.997727928906634
"71","VEN",138,"Extrapolation",0,165.186561533766,150.437874041214,179.935249026317,0.991695856351255,0.985140709167528,0.998251003534982
"72","VEN",145,"Extrapolation",0,166.4160086658,150.91175754473,181.92025978687,0.992360775366117,0.985931107099732,0.998790443632502
"73","VEN",152,"Extrapolation",0,167.547013043176,151.288735309301,183.80529077705,0.992972453816386,0.986682720690547,0.999262186942224
"74","VEN",159,"Extrapolation",0,168.587457051148,151.580529218829,185.594384883468,0.993535154714029,0.987396134511232,0.999674174916826
"75","VEN",166,"Extrapolation",0,169.544591926468,151.797577711876,187.291606141061,0.994052799728447,0.988072221844367,1
"76","VEN",172,"Extrapolation",0,170.303757161867,151.931182652816,188.676331670918,0.99446337728586,0.98862284521286,1
"77","VEN",179,"Extrapolation",0,171.123466599105,152.033205483228,190.213727714981,0.994906698822248,0.989232659763225,1
"78","VEN",186,"Extrapolation",0,171.877541286447,152.084254392318,191.670828180576,0.99531452327047,0.989808702055846,1
"79","VEN",193,"Extrapolation",0,172.571236647582,152.090882126183,193.05159116898,0.995689692909019,0.990352430028885,1
"80","VEN",200,"Extrapolation",0,173.209387300478,152.058889446719,194.359885154237,0.996034822433015,0.990865349014161,1
"81","EMR",1,"Rarefaction",0,42.1592592592593,41.6574565341293,42.6610619843892,0.408036245271555,0.401423631767554,0.414648858775557
"82","EMR",6,"Rarefaction",0,118.988460009136,117.514489190911,120.46243082736,0.813978743048204,0.809398038500646,0.818559447595761
"83","EMR",11,"Rarefaction",0,149.730367323651,147.791716900841,151.66901774646,0.896864012068314,0.893599026145401,0.900128997991227
"84","EMR",16,"Rarefaction",0,168.243632708011,165.974995806835,170.512269609188,0.930244477842913,0.927654431907746,0.93283452377808
"85","EMR",21,"Rarefaction",0,181.31323222531,178.770062985911,183.856401464708,0.94769938623722,0.945493675369806,0.949905097104634
"86","EMR",26,"Rarefaction",0,191.364573197728,188.573903671362,194.155242724094,0.958315750010101,0.956344908984526,0.960286591035675
"87","EMR",31,"Rarefaction",0,199.507579640996,196.481544331443,202.53361495055,0.965440894609568,0.963625864305587,0.96725592491355
"88","EMR",36,"Rarefaction",0,206.335047759425,203.078376259645,209.591719259206,0.970555787885696,0.968850819884521,0.972260755886871
"89","EMR",41,"Rarefaction",0,212.199921650662,208.714108147795,215.685735153529,0.97440714246397,0.972783719906666,0.976030565021274
"90","EMR",46,"Rarefaction",0,217.329724926977,213.61512271055,221.044327143404,0.977410602208018,0.975850224720127,0.978970979695909
"91","EMR",52,"Rarefaction",0,222.731074212302,218.742167549927,226.719980874676,0.980240460529502,0.978739962738336,0.981740958320669
"92","EMR",57,"Rarefaction",0,226.730641192388,222.513621082484,230.947661302292,0.982133817809987,0.98067464020152,0.983592995418453
"93","EMR",62,"Rarefaction",0,230.358987029285,225.914667481839,234.803306576732,0.983712810646112,0.982289816311909,0.985135804980316
"94","EMR",67,"Rarefaction",0,233.676101125396,229.005675840105,238.346526410686,0.985047213986364,0.983656868792803,0.986437559179925
"95","EMR",72,"Rarefaction",0,236.72901472896,231.83403883004,241.623990627881,0.986187618369619,0.984827436806234,0.987547799933004
"96","EMR",77,"Rarefaction",0,239.555267321556,234.437627912217,244.672906730895,0.987171681248198,0.985839856248524,0.988503506247872
"97","EMR",82,"Rarefaction",0,242.185271733938,236.847155706052,247.523387761824,0.988028061872025,0.986723218450449,0.9893329052936
"98","EMR",87,"Rarefaction",0,244.64397695943,239.087838688889,250.200115229971,0.988778985591184,0.987500019022239,0.99005795216013
"99","EMR",92,"Rarefaction",0,246.952068078453,241.180597709845,252.72353844706,0.989441965888063,0.988187937668587,0.990695994107538
"100","EMR",97,"Rarefaction",0,249.126852204357,243.142944781224,255.110759627491,0.990030991881771,0.988801064681848,0.991260919081694
"101","EMR",103,"Rarefaction",0,251.581020352946,245.346254483468,257.815786222425,0.990655966791557,0.98945394072848,0.991857992854634
"102","EMR",108,"Rarefaction",0,253.510842538089,247.070585313886,259.951099762292,0.991119185408499,0.98993960365039,0.992298767166609
"103","EMR",113,"Rarefaction",0,255.346882798847,248.7044921674,261.989273430295,0.991537918097773,0.990380072475406,0.99269576372014
"104","EMR",118,"Rarefaction",0,257.097988753432,250.25691321926,263.939064287603,0.991918226595001,0.990781424431343,0.993055028758659
"105","EMR",123,"Rarefaction",0,258.771818245065,251.735574532875,265.808061957255,0.992265171124426,0.991148729887468,0.993381612361384
"106","EMR",128,"Rarefaction",0,260.375033853073,253.147186624548,267.602881081598,0.992582998051259,0.991486240751675,0.993679755350842
"107","EMR",133,"Rarefaction",0,261.913461436282,254.497604983704,269.329317888859,0.992875287304848,0.991797537919784,0.993953036689913
"108","EMR",138,"Rarefaction",0,263.392220296764,255.791962075835,270.992478517693,0.99314506949023,0.992085648152544,0.994204490827916
"109","EMR",143,"Rarefaction",0,264.81583071248,257.034776538849,272.596884886111,0.993394919829621,0.992353137793652,0.994436701865591
"110","EMR",148,"Rarefaction",0,266.18830325588,258.230043971987,274.146562539774,0.993627034163145,0.992602188700788,0.994651879625502
"111","EMR",154,"Rarefaction",0,267.772775628166,259.606571280237,275.938979976095,0.993884785365194,0.992879309187292,0.994890261543096
"112","EMR",159,"Rarefaction",0,269.044809307814,260.709189171701,277.380429443927,0.994084120141648,0.993093961411782,0.995074278871515
"113","EMR",164,"Rarefaction",0,270.275907854943,261.774338937236,278.77747677265,0.994270849926007,0.993295229895926,0.995246469956087
"114","EMR",169,"Rarefaction",0,271.468627448491,262.804517638456,280.132737258525,0.994446137711175,0.993484246148812,0.995408029273539
"115","EMR",174,"Rarefaction",0,272.625292665717,263.801982202013,281.448603129422,0.994610990864719,0.99366198374319,0.995559997986248
"116","EMR",179,"Rarefaction",0,273.748027241808,264.768780691312,282.727273792303,0.994766284567981,0.993829282685359,0.995703286450602
"117","EMR",184,"Rarefaction",0,274.83878021615,265.706778881976,283.970781550324,0.994912781512006,0.993986870081159,0.995838692942853
"118","EMR",189,"Rarefaction",0,275.899348197985,266.617682892049,285.181013503921,0.995051148494631,0.994135377711669,0.995966919277592
"119","EMR",194,"Rarefaction",0,276.931394358703,267.50305849054,286.359730226865,0.995181970437711,0.994275357010289,0.996088583865132
"120","EMR",200,"Rarefaction",0,278.134370244349,268.533834074762,287.734906413937,0.995329717979236,0.994432751946102,0.99622668401237
"121","MAR",1,"Rarefaction",0,20.8253968253968,20.104729388455,21.5460642623387,0.26867073170725,0.255183010157187,0.282158453257313
"122","MAR",7,"Rarefaction",0,80.0414019211298,77.623420361488,82.4593834807716,0.723778815285098,0.712462426450097,0.735095204120099
"123","MAR",14,"Rarefaction",0,111.34742865134,107.809524313,114.885332989681,0.84227021376081,0.833376129607785,0.851164297913835
"124","MAR",21,"Rarefaction",0,131.029176031303,126.666737635355,135.391614427252,0.8887836481781,0.880730917325475,0.896836379030725
"125","MAR",28,"Rarefaction",0,145.539734918084,140.455799918779,150.62366991739,0.913588249030148,0.9059079759214,0.921268522138895
"126","MAR",35,"Rarefaction",0,157.079718989896,151.301713910189,162.857724069603,0.929325468897182,0.921969571769734,0.93668136602463
"127","MAR",42,"Rarefaction",0,166.653302959872,160.189306654443,173.117299265301,0.940315623664623,0.933293836630775,0.947337410698472
"128","MAR",49,"Rarefaction",0,174.820473723744,167.677794374625,181.963153072864,0.948414485329351,0.941721455671231,0.955107514987472
"129","MAR",56,"Rarefaction",0,181.936029698138,174.124704781475,189.747354614801,0.954584711116505,0.948197091788572,0.960972330444439
"130","MAR",63,"Rarefaction",0,188.242245003198,179.77418723761,196.710302768787,0.959397518638902,0.953280573549855,0.965514463727948
"131","MAR",69,"Rarefaction",0,193.135962503772,184.11477123158,202.157153775964,0.962724575497741,0.95680780191222,0.968641349083263
"132","MAR",76,"Rarefaction",0,198.363569735894,188.707799125236,208.019340346552,0.965899312182784,0.960178018969438,0.971620605396129
"133","MAR",83,"Rarefaction",0,203.16712843717,192.887023161992,213.447233712348,0.968482266655823,0.962917617136203,0.974046916175442
"134","MAR",90,"Rarefaction",0,207.624433226685,196.728653826032,218.520212627338,0.970600925907251,0.965158549776048,0.976043302038454
"135","MAR",97,"Rarefaction",0,211.797072179502,200.292823578029,223.301320780975,0.972347373099494,0.966998659812147,0.977696086386841
"136","MAR",104,"Rarefaction",0,215.734816731755,203.628188427033,227.841445036478,0.973789711965217,0.968512170319283,0.979067253611151
"137","MAR",111,"Rarefaction",0,219.478612245213,206.775027611377,232.182196879048,0.974979547781615,0.969756349548656,0.980202746014574
"138","MAR",118,"Rarefaction",0,223.06265403909,209.767353307171,236.357954771009,0.975956849433374,0.970775688705709,0.981138010161039
"139","MAR",125,"Rarefaction",0,226.515873015873,212.634374377138,240.397371654608,0.976753048780488,0.971604445904126,0.98190165165685
"140","MAR",126,"Observed",0,227,213.035244329681,240.964755670319,0.976856247153835,0.971711421545018,0.982001072762651
"141","MAR",127,"Extrapolation",0,227.48197783705,213.434087732545,241.529867941555,0.97695898740671,0.971817612392575,0.982100362420844
"142","MAR",130,"Extrapolation",0,228.915111659572,214.618520763595,243.21170255555,0.977264479734387,0.972131671392962,0.982397288075813
"143","MAR",134,"Extrapolation",0,230.796442670862,216.16976597821,245.423119363514,0.977665511501791,0.972540571259316,0.982790451744266
"144","MAR",138,"Extrapolation",0,232.644588890614,217.689365718539,247.599812062688,0.978059469471164,0.972939210663893,0.983179728278435
"145","MAR",142,"Extrapolation",0,234.460135665256,219.177703119078,249.742568211434,0.978446478417208,0.973328558536296,0.983564398298119
"146","MAR",146,"Extrapolation",0,236.243658016295,220.635163530121,251.852152502469,0.978826660913721,0.973709471587942,0.9839438502395
"147","MAR",150,"Extrapolation",0,237.995720822432,222.062137938286,253.929303706578,0.979200137372425,0.974082703454343,0.984317571290508
"148","MAR",153,"Extrapolation",0,239.289456786279,223.112601943989,255.46631162857,0.979475915115428,0.974357986851114,0.984593843379742
"149","MAR",157,"Extrapolation",0,240.987794757902,224.487191384529,257.488398131275,0.979837939381398,0.974719313643455,0.98495656511934
"150","MAR",161,"Extrapolation",0,242.656175751613,225.832414918882,259.479936584345,0.980193577902527,0.975074576683941,0.985312579121113
"151","MAR",165,"Extrapolation",0,244.295128178448,227.148698732251,261.441557624645,0.980542943316949,0.975424225317939,0.985661661315958
"152","MAR",169,"Extrapolation",0,245.9051711288,228.436479222285,263.373863035316,0.980886146275971,0.975768647909529,0.986003644642413
"153","MAR",173,"Extrapolation",0,247.486814536832,229.696202554023,265.277426519641,0.981223295479125,0.976108179163056,0.986338411795194
"154","MAR",176,"Extrapolation",0,248.654711573276,230.62285607936,266.686567067192,0.981472248911487,0.976359792318213,0.986584705504761
"155","MAR",180,"Extrapolation",0,250.187855846424,231.834579767825,268.541131925024,0.981799059852175,0.976691431068277,0.986906688636072
"156","MAR",184,"Extrapolation",0,251.693956992767,233.019517329405,270.368396656128,0.982120106175752,0.977018874057745,0.987221338293759
"157","MAR",188,"Extrapolation",0,253.173492025928,234.17814409225,272.168839959607,0.98243548956428,0.977342308535207,0.987528670593353
"158","MAR",192,"Extrapolation",0,254.626929545492,235.310940667385,273.9429184236,0.982745309906252,0.977661893935922,0.987828725876583
"159","MAR",196,"Extrapolation",0,256.054729885415,236.418391816463,275.691067954367,0.983049665328229,0.977977765679453,0.988121564977005
"160","MAR",200,"Extrapolation",0,257.457345259824,237.500985324077,277.413705195572,0.983348652225915,0.978290038504319,0.98840726594751
"161","ABR",1,"Rarefaction",0,15.9655172413793,15.2761635200685,16.6548709626901,0.343127898605313,0.323660729444763,0.362595067765864
"162","ABR",5,"Rarefaction",0,44.8322065766047,43.2268117178081,46.4376014354013,0.749954087841869,0.73400024322346,0.765907932460278
"163","ABR",10,"Rarefaction",0,60.0782903264519,57.9117321030548,62.244848549849,0.869393158501148,0.858348825912932,0.880437491089363
"164","ABR",15,"Rarefaction",0,68.8915731376084,66.3252780395582,71.4578682356586,0.913003978381091,0.904327019553743,0.921680937208439
"165","ABR",19,"Rarefaction",0,73.9615747963192,71.1408006819886,76.7823489106498,0.931473783686039,0.923660482500047,0.939287084872031
"166","ABR",24,"Rarefaction",0,78.9282132413098,75.8185890593005,82.0378374233192,0.945897639509445,0.938715418358159,0.953079860660731
"167","ABR",29,"Rarefaction",0,82.9233617742957,79.5265663367331,86.3201572118583,0.955310380121768,0.948571151750402,0.962049608493135
"168","ABR",34,"Rarefaction",0,86.2671142011912,82.5723237485791,89.9619046538033,0.961877395805669,0.955465380560503,0.968289411050834
"169","ABR",38,"Rarefaction",0,88.6027218463292,84.6598907660077,92.5455529266507,0.965811694136387,0.95958491482678,0.972038473445994
"170","ABR",43,"Rarefaction",0,91.2041511331544,86.9396773316723,95.4686249346365,0.969600411333429,0.963516225932438,0.975684596734421
"171","ABR",48,"Rarefaction",0,93.5336730245005,88.935748678623,98.131597370378,0.972495313250782,0.96646979936764,0.978520827133925
"172","ABR",52,"Rarefaction",0,95.2441551845258,90.37159911394,100.116711255112,0.974342950491535,0.968317808337892,0.980368092645177
"173","ABR",57,"Rarefaction",0,97.229764119871,92.004598839494,102.454929400248,0.976216668856549,0.970150960410193,0.982282377302904
"174","ABR",62,"Rarefaction",0,99.0782209886661,93.4904702597135,104.665971717619,0.977722371792209,0.971586054479588,0.983858689104829
"175","ABR",67,"Rarefaction",0,100.815869331825,94.8558499853361,106.775888678313,0.978948916702331,0.972723562587382,0.98517427081728
"176","ABR",71,"Rarefaction",0,102.139892356636,95.875232529644,108.404552183629,0.979772440060845,0.973467245691282,0.986077634430407
"177","ABR",76,"Rarefaction",0,103.725746576421,97.0718672959638,110.379625856878,0.980645018306429,0.97423209910724,0.987057937505619
"178","ABR",81,"Rarefaction",0,105.24661490934,98.1941870071806,112.299042811498,0.981377989019399,0.974849538172448,0.98790643986635
"179","ABR",86,"Rarefaction",0,106.712643678161,99.2522408652122,114.17304649111,0.982001439884809,0.975349359741716,0.988653520027903
"180","ABR",87,"Observed",0,107,99.4568533836885,114.543146616311,0.982117881586109,0.975440569999887,0.988795193172331
"181","ABR",88,"Extrapolation",0,107.285497269849,99.6592240201662,114.911770519533,0.982233569967715,0.975531260635583,0.988935879299846
"182","ABR",93,"Extrapolation",0,108.685516076313,100.637970563783,116.733061588843,0.982800881557148,0.975978422264453,0.989623340849843
"183","ABR",99,"Extrapolation",0,110.306654576958,101.741614763126,118.87169439079,0.983457794632348,0.976505519183602,0.990410070081095
"184","ABR",105,"Extrapolation",0,111.865874376285,102.771099182133,120.960649570437,0.984089617189694,0.977026771209663,0.991152463169725
"185","ABR",111,"Extrapolation",0,113.365540432978,103.729847990254,123.001232875701,0.984697307550934,0.977544828819645,0.991849786282222
"186","ABR",117,"Extrapolation",0,114.807927377118,104.621375480146,124.994479274091,0.985281787435119,0.978060893899306,0.992502680970931
"187","ABR",123,"Extrapolation",0,116.195222960254,105.449241436456,126.941204484053,0.985843943356631,0.978575261511655,0.993112625201608
"188","ABR",129,"Extrapolation",0,117.529531373684,106.217001184917,128.842061562451,0.986384627969811,0.979087677615907,0.993681578323715
"189","ABR",135,"Extrapolation",0,118.812876440007,106.928159633758,130.697593246256,0.986904661362224,0.979597573526501,0.994211749197947
"190","ABR",141,"Extrapolation",0,120.047204682772,107.58613329908,132.508276066464,0.987404832298538,0.980104218447909,0.994705446149167
"191","ABR",146,"Extrapolation",0,121.039720996999,108.096201642994,133.983240351004,0.987807016901461,0.980523366175901,0.995090667627021
"192","ABR",152,"Extrapolation",0,122.188995851081,108.665139598971,135.712852103191,0.988272722748522,0.981021984328493,0.99552346116855
"193","ABR",158,"Extrapolation",0,123.294374636818,109.189873021941,137.398876251695,0.988720641157165,0.981515123210021,0.99592615910431
"194","ABR",164,"Extrapolation",0,124.357533946027,109.673281260397,139.041786631656,0.9891514515111,0.982002070565447,0.996300832456753
"195","ABR",170,"Extrapolation",0,125.380086333808,110.118083596966,140.642089070649,0.989565807245261,0.982482183232309,0.996649431258213
"196","ABR",176,"Extrapolation",0,126.363582764398,110.526839902003,142.200325626794,0.98996433683691,0.982954893017996,0.996973780655824
"197","ABR",182,"Extrapolation",0,127.309514963612,110.901953974242,143.717075952983,0.990347644758885,0.983419707788353,0.997275581729418
"198","ABR",188,"Extrapolation",0,128.219317681424,111.245678753537,145.19295660931,0.990716312396441,0.983876209522862,0.99755641527002
"199","ABR",194,"Extrapolation",0,129.094370868137,111.560122767242,146.628618969032,0.991070898929066,0.984324050521742,0.99781774733639
"200","ABR",200,"Extrapolation",0,129.936001767438,111.847257322377,148.024746212499,0.991411942178624,0.984762948563603,0.998060935793645
"201","MOL",1,"Rarefaction",0,17.6,16.5403898240186,18.6596101759814,0.350091827364543,0.322941278149924,0.377242376579162
"202","MOL",3,"Rarefaction",0,37.5176180408739,35.541837446367,39.4933986353808,0.61939559442202,0.590937161904047,0.647854026939994
"203","MOL",5,"Rarefaction",0,49.728199260247,47.1394048453679,52.3169936751261,0.734615972656115,0.710931553899517,0.758300391412713
"204","MOL",8,"Rarefaction",0,62.0180940393858,58.7134409988677,65.3227470799039,0.81837980275357,0.800602867787647,0.836156737719493
"205","MOL",10,"Rarefaction",0,68.1099666068323,64.4140962408816,71.805836972783,0.849511004973876,0.834498248965023,0.86452376098273
"206","MOL",12,"Rarefaction",0,73.2015598743421,69.1661986925851,77.2369210560991,0.871076705847387,0.858120462829166,0.884032948865608
"207","MOL",15,"Rarefaction",0,79.5810789005561,75.1147011822601,84.0474566188521,0.893348266697979,0.882468651810208,0.90422788158575
"208","MOL",17,"Rarefaction",0,83.2347557393245,78.5230130008238,87.9464984778252,0.904153431783638,0.894148938506623,0.914157925060654
"209","MOL",20,"Rarefaction",0,88.0609291118266,83.0290313530472,93.0928268706059,0.916678349560821,0.907446150994153,0.92591054812749
"210","MOL",22,"Rarefaction",0,90.9328059710792,85.7118766729452,96.1537352692131,0.923340648762653,0.914365369894505,0.932315927630801
"211","MOL",24,"Rarefaction",0,93.5792230260803,88.1836536801121,98.9747923720485,0.929038270279728,0.920176349776015,0.937900190783442
"212","MOL",27,"Rarefaction",0,97.1938786168275,91.5553397364959,102.832417497159,0.936232262224473,0.927353997407483,0.945110527041462
"213","MOL",29,"Rarefaction",0,99.4013355322432,93.6089614799622,105.193709584524,0.94033613649263,0.931360865664661,0.949311407320599
"214","MOL",32,"Rarefaction",0,102.453879641026,96.4364760141411,108.471283267912,0.945698104717533,0.936488745836898,0.954907463598168
"215","MOL",34,"Rarefaction",0,104.336962280376,98.1701398687127,110.503784692038,0.948841849510702,0.939430571727933,0.958253127293471
"216","MOL",36,"Rarefaction",0,106.112005433401,99.7939882513957,112.430022615407,0.95169806655842,0.942053604058685,0.961342529058156
"217","MOL",39,"Rarefaction",0,108.593063402848,102.041167215467,115.14495959023,0.955519773967474,0.945470399088638,0.965569148846311
"218","MOL",41,"Rarefaction",0,110.138279808047,103.423423791552,116.853135824543,0.957797546592473,0.947441603907728,0.968153489277217
"219","MOL",44,"Rarefaction",0,112.311111111111,105.337495168816,119.284727053406,0.960858585858586,0.94998603161033,0.971731140106841
"220","MOL",45,"Observed",0,113,105.935579437836,120.064420562164,0.961810522969321,0.950764172051388,0.972856873887255
"221","MOL",46,"Extrapolation",0,113.67213479574,106.514304491684,120.829965099796,0.96273930853373,0.951526884374091,0.973951732693368
"222","MOL",54,"Extrapolation",0,118.492940339117,110.47868074735,126.507199930884,0.969400910679443,0.957218622891762,0.981583198467123
"223","MOL",62,"Extrapolation",0,122.451864707238,113.38261539235,131.521114022125,0.974871527328068,0.962351495366189,0.987391559289947
"224","MOL",70,"Extrapolation",0,125.702998156092,115.426504416876,135.979491895309,0.979364087205047,0.96697704680626,0.991751127603833
"225","MOL",78,"Extrapolation",0,128.372882124419,116.805825722284,139.939938526554,0.983053450862671,0.971099900669461,0.99500700105588
"226","MOL",86,"Extrapolation",0,130.565434511599,117.684946865512,143.445922157687,0.986083216646751,0.974736590040874,0.997429843252627
"227","MOL",94,"Extrapolation",0,132.365994396433,118.1926245054,146.539364287467,0.988571309867762,0.977919024071283,0.999223595664241
"228","MOL",102,"Extrapolation",0,133.844643626357,118.426799403249,149.262487849465,0.990614572719621,0.980688600454086,1
"229","MOL",110,"Extrapolation",0,135.058934560844,118.461257047748,151.656612073941,0.992292533596058,0.983090440670767,1
"230","MOL",118,"Extrapolation",0,136.056130138902,118.351515898574,153.760744379229,0.993670502514885,0.985169383105922,1
"231","MOL",127,"Extrapolation",0,136.966526268034,118.107373752192,155.825678783877,0.994928528119259,0.987174592402831,1
"232","MOL",135,"Extrapolation",0,137.622675652108,117.817475251775,157.427876052442,0.995835224335384,0.988702556087987,1
"233","MOL",143,"Extrapolation",0,138.161516259215,117.483216488783,158.839816029647,0.996579818099269,0.990026008543283,1
"234","MOL",151,"Extrapolation",0,138.604020979809,117.12198504704,160.086056912578,0.997191290677798,0.991174096893969,1
"235","MOL",159,"Extrapolation",0,138.967413094592,116.746850450565,161.187975738619,0.997693441961394,0.992171972984032,1
"236","MOL",167,"Extrapolation",0,139.265836643406,116.3675704627,162.164102824113,0.998105816809378,0.993041190544373,1
"237","MOL",175,"Extrapolation",0,139.510906943129,115.991353780018,163.03046010624,0.998444465779928,0.99380013604533,1
"238","MOL",183,"Extrapolation",0,139.712162681978,115.623442899104,163.800882464851,0.998722569853963,0.994464450442984,1
"239","MOL",191,"Extrapolation",0,139.877437186743,115.267562786816,164.487311586669,0.998950953468625,0.995047419523527,1
"240","MOL",200,"Extrapolation",0,140.028325610933,114.884722776382,165.171928445484,0.999159457761383,0.995620003247158,1
"241","PUG",1,"Rarefaction",0,33.2740740740741,32.6406960218718,33.9074521262763,0.359825977284734,0.352354189218628,0.367297765350839
"242","PUG",6,"Rarefaction",0,102.946131590418,101.181890012269,104.710373168568,0.758032072353711,0.752212657053985,0.763851487653438
"243","PUG",11,"Rarefaction",0,136.299075166866,133.912433791326,138.685716542406,0.844979994194091,0.840258327730622,0.84970166065756
"244","PUG",16,"Rarefaction",0,159.142866837976,156.241541051135,162.044192624818,0.884446018401926,0.880327775754594,0.888564261049258
"245","PUG",21,"Rarefaction",0,176.684880184692,173.340729372422,180.029030996962,0.907623953116878,0.903984552582869,0.911263353650887
"246","PUG",26,"Rarefaction",0,190.957094131388,187.231472912687,194.682715350089,0.922963697549972,0.91970765871303,0.926219736386915
"247","PUG",31,"Rarefaction",0,203.003681519319,198.948402797504,207.058960241134,0.933847227296757,0.930885710912468,0.936808743681045
"248","PUG",36,"Rarefaction",0,213.441072071057,209.0980547831,217.784089359014,0.941943002453095,0.93920024906474,0.944685755841449
"249","PUG",41,"Rarefaction",0,222.66454399196,218.066337079937,227.262750903983,0.948181349663148,0.945598803695465,0.950763895630832
"250","PUG",46,"Rarefaction",0,230.942205302147,226.113235594362,235.771175009932,0.953124341492267,0.950659699968637,0.955588983015897
"251","PUG",52,"Rarefaction",0,239.890025765047,234.807195305614,244.972856224481,0.957843416245503,0.955482138770552,0.960204693720454
"252","PUG",57,"Rarefaction",0,246.683458151575,241.402421676931,251.96449462622,0.961037902032511,0.958741245387336,0.963334558677685
"253","PUG",62,"Rarefaction",0,252.980582810189,247.509513078483,258.451652541895,0.963729946168915,0.961484474868241,0.96597541746959
"254","PUG",67,"Rarefaction",0,258.857148281161,253.2015210262,264.512775536122,0.966030257818201,0.963826248833109,0.968234266803292
"255","PUG",72,"Rarefaction",0,264.372613148497,258.535933326684,270.20929297031,0.968019820322307,0.965850046624688,0.970189594019926
"256","PUG",77,"Rarefaction",0,269.5744271358,263.558767222093,275.590087049507,0.969759076964713,0.967618049618595,0.971900104310832
"257","PUG",82,"Rarefaction",0,274.501014993421,268.307408632053,280.694621354789,0.971293952997258,0.969177450017393,0.973410455977123
"258","PUG",87,"Rarefaction",0,279.183901631326,272.81263045861,285.555172804043,0.972659906246377,0.970564673288789,0.974755139203964
"259","PUG",92,"Rarefaction",0,283.649254762889,277.100058570888,290.19845095489,0.97388471249681,0.971808264062893,0.975961160930727
"260","PUG",97,"Rarefaction",0,287.919024042372,281.19125701077,294.646791073975,0.974990418317494,0.972930897234432,0.977049939400556
"261","PUG",103,"Rarefaction",0,292.810548435214,285.867274886232,299.753821984196,0.976184745621605,0.974143814467595,0.978225676775614
"262","PUG",108,"Rarefaction",0,296.711671646355,289.587596168783,303.835747123927,0.977086141291391,0.975059768665711,0.97911251391707
"263","PUG",113,"Rarefaction",0,300.467831569316,293.161755268927,307.773907869705,0.977914429775658,0.975902144161755,0.979926715389562
"264","PUG",118,"Rarefaction",0,304.09054169539,296.601238253889,311.57984513689,0.978679024649606,0.976680642132697,0.980677407166515
"265","PUG",123,"Rarefaction",0,307.58985673661,299.916122210968,315.263591262252,0.979387794816788,0.977403363721982,0.981372225911594
"266","PUG",128,"Rarefaction",0,310.974608467059,303.115303608371,318.833913325747,0.980047366473104,0.978077117825736,0.982017615120472
"267","PUG",133,"Rarefaction",0,314.252596144472,306.206682371553,322.29850991739,0.980663356750405,0.978707660050979,0.98261905344983
"268","PUG",138,"Rarefaction",0,317.430741644444,309.197311368384,325.664171920504,0.981240556441289,0.979299880450613,0.983181232431966
"269","PUG",143,"Rarefaction",0,320.51521688861,312.093518639368,328.936915137852,0.981783074366385,0.979857952667588,0.983708196065182
"270","PUG",148,"Rarefaction",0,323.511549301629,314.901007988176,332.122090615082,0.982294452544868,0.980385453651075,0.984203451438662
"271","PUG",154,"Rarefaction",0,326.9977638034,318.160122963227,335.835404643573,0.982871292740646,0.980982403211081,0.984760182270211
"272","PUG",159,"Rarefaction",0,329.817003643699,320.789946352893,338.844060934506,0.983324405578443,0.981452892209715,0.985195918947171
"273","PUG",164,"Rarefaction",0,332.562393864272,323.345994149812,341.778793578731,0.983754878263445,0.981901268386807,0.985608488140083
"274","PUG",169,"Rarefaction",0,335.237565044293,325.832111907885,344.6430181807,0.984164704367577,0.982329477750337,0.985999930984816
"275","PUG",174,"Rarefaction",0,337.845832337959,328.251829606644,347.439835069274,0.984555640737105,0.982739218313328,0.986372063160883
"276","PUG",179,"Rarefaction",0,340.39023252071,330.608395839208,350.172069202213,0.984929241422446,0.983131976465302,0.986726506379589
"277","PUG",184,"Rarefaction",0,342.873555767417,332.904807098245,352.842304436589,0.985286886160721,0.983509057530446,0.987064714790995
"278","PUG",189,"Rarefaction",0,345.298373001267,335.143832989244,355.45291301329,0.985629804386145,0.983871611511525,0.987387997260764
"279","PUG",194,"Rarefaction",0,347.667059503196,337.328038043516,358.006080962876,0.985959095541509,0.984220654824313,0.987697536258704
"280","PUG",200,"Rarefaction",0,350.438477188367,339.880057311599,360.996897065136,0.986337639390699,0.984622934449027,0.988052344332371
"281","BAS",1,"Rarefaction",0,17.6944444444444,16.7566532387439,18.632235650145,0.452567840322949,0.426294153506404,0.478841527139494
"282","BAS",2,"Rarefaction",0,27.3809523809524,26.0200601244699,28.7418446374349,0.627239027479119,0.603117108598242,0.651360946359997
"283","BAS",4,"Rarefaction",0,38.882488753077,36.9107160342175,40.8542614719365,0.78258853991147,0.765300951543399,0.799876128279541
"284","BAS",6,"Rarefaction",0,45.8652571732506,43.4624893235115,48.2680250229898,0.851239022565941,0.83770321121056,0.864774833921322
"285","BAS",8,"Rarefaction",0,50.7573520984895,48.0217228095023,53.4929813874768,0.888410527401497,0.876260384212157,0.900560670590837
"286","BAS",10,"Rarefaction",0,54.4814302593206,51.4618132225293,57.5010472961119,0.911376796922125,0.899838191616894,0.922915402227357
"287","BAS",12,"Rarefaction",0,57.4686730425893,54.1889925472411,60.7483535379375,0.926822636757166,0.915714800963207,0.937930472551125
"288","BAS",14,"Rarefaction",0,59.9534253640628,56.4263139672704,63.4805367608552,0.93780929949566,0.927107816387038,0.948510782604282
"289","BAS",16,"Rarefaction",0,62.0772858644074,58.3109633609775,65.8436083678372,0.945932742997938,0.935639576531636,0.956225909464239
"290","BAS",18,"Rarefaction",0,63.9324554519866,59.933984266033,67.9309266379403,0.952107166081464,0.942212480161714,0.962001852001213
"291","BAS",19,"Rarefaction",0,64.7798925410452,60.6680305682613,68.8917545138292,0.954648312078926,0.944941994963061,0.964354629194791
"292","BAS",21,"Rarefaction",0,66.345066794416,62.0121149097873,70.6780186790447,0.958891512460127,0.949523891578722,0.968259133341531
"293","BAS",23,"Rarefaction",0,67.7683920816502,63.2223275001756,72.3144566631249,0.962258879552205,0.953158457417954,0.971359301686456
"294","BAS",25,"Rarefaction",0,69.0787719437812,64.3277494838659,73.8297944036965,0.964969855627573,0.956044317757842,0.973895393497305
"295","BAS",27,"Rarefaction",0,70.2978840444055,65.3497831274766,75.2459849613345,0.967188688456617,0.95833178688688,0.976045590026355
"296","BAS",29,"Rarefaction",0,71.4419529737605,66.3038795456677,76.5800264018533,0.969042288695311,0.960141414705289,0.977943162685334
"297","BAS",31,"Rarefaction",0,72.52296865716,67.2007654588293,77.8451718554907,0.970630539928259,0.961573016995105,0.979688062861413
"298","BAS",33,"Rarefaction",0,73.5495798319327,68.0473629946,79.0517966692655,0.972032769151617,0.962709504354005,0.981356033949228
"299","BAS",35,"Rarefaction",0,74.5277777777778,68.8474929242507,80.2080626313048,0.973312401883831,0.963618529817205,0.983006273950456
"300","BAS",36,"Observed",0,75,69.2306110639236,80.7693889360764,0.973925909886501,0.964027781516674,0.983824038256328
"301","BAS",37,"Extrapolation",0,75.4613665389528,69.6023034738584,81.3204296040471,0.974525314256926,0.964421520680448,0.984629107833405
"302","BAS",45,"Extrapolation",0,78.7902688187153,72.1539872951448,85.4265503422858,0.978850202186028,0.967337022983054,0.990363381389002
"303","BAS",54,"Extrapolation",0,81.864716242479,74.1494788339932,89.5799536509647,0.982844504041186,0.970517178458494,0.995171829623878
"304","BAS",62,"Extrapolation",0,84.1065091416624,75.2512856650086,92.9617326183162,0.985757026619024,0.973277335223509,0.998236718014538
"305","BAS",71,"Extrapolation",0,86.17694372468,75.9070062901342,96.4468811592258,0.988446921600479,0.976210326089904,1
"306","BAS",79,"Extrapolation",0,87.6866412106596,76.1069582651897,99.2663241561296,0.990408310636559,0.978608692750687,1
"307","BAS",88,"Extrapolation",0,89.0809403388286,76.0270963177488,102.134784359908,0.992219774885791,0.981045476571525,1
"308","BAS",97,"Extrapolation",0,90.2119153613359,75.7232045269487,104.700626195723,0.993689130190299,0.983205419932682,1
"309","BAS",105,"Extrapolation",0,91.0365877089628,75.3256696735854,106.74750574434,0.994760539075864,0.984905730921644,1
"310","BAS",114,"Extrapolation",0,91.7982236963044,74.7844190934537,108.812028299155,0.995750051537088,0.986593051377473,1
"311","BAS",122,"Extrapolation",0,92.3535853313701,74.2504990714492,110.456671591291,0.996471573717653,0.98791295672673,1
"312","BAS",131,"Extrapolation",0,92.8664961964817,73.6167798572905,112.116212535673,0.99713794413733,0.989219356883842,1
"313","BAS",139,"Extrapolation",0,93.2404950902126,73.0405446061269,113.440445574298,0.997623841038187,0.990241186378022,1
"314","BAS",148,"Extrapolation",0,93.5859062313901,72.3917640746248,114.780048388155,0.998072596919109,0.991254369045927,1
"315","BAS",157,"Extrapolation",0,93.8660838240423,71.7530619048574,115.979105743227,0.998436601803191,0.992142362338725,1
"316","BAS",165,"Extrapolation",0,94.0703807435028,71.2001301527325,116.940631334273,0.998702023016153,0.992840732285238,1
"317","BAS",174,"Extrapolation",0,94.2590616013149,70.5996305699949,117.918492632635,0.998947155944616,0.99353783245438,1
"318","BAS",182,"Extrapolation",0,94.3966419040338,70.0877917255889,118.705492082479,0.999125899368275,0.994088905533465,1
"319","BAS",191,"Extrapolation",0,94.5237058343349,69.5386790286861,119.508732639984,0.999290979990114,0.99464193950529,1
"320","BAS",200,"Extrapolation",0,94.6267727649016,69.0189779298914,120.234567599912,0.99942488386786,0.995133360161862,1
"321","CAL",1,"Rarefaction",0,17.1157894736842,16.4612340392475,17.770344908121,0.233649996074408,0.222176291493736,0.24512370065508
"322","CAL",6,"Rarefaction",0,64.8938721772009,62.6716202144438,67.1161241399581,0.637503319161061,0.621944458979793,0.653062179342329
"323","CAL",11,"Rarefaction",0,90.7728967061049,87.5196864033741,94.0261070088357,0.765798428446802,0.75233763633551,0.779259220558095
"324","CAL",16,"Rarefaction",0,108.483073870096,104.333941997661,112.632205742531,0.826332286040231,0.814120505785982,0.83854406629448
"325","CAL",21,"Rarefaction",0,122.045555782277,117.077858426628,127.013253137925,0.860958895226485,0.849472520548961,0.87244526990401
"326","CAL",26,"Rarefaction",0,133.119178575259,127.379611909452,138.858745241065,0.883332984025126,0.872392618979899,0.894273349070353
"327","CAL",32,"Rarefaction",0,144.260706891619,137.636214002246,150.885199780992,0.901604946369905,0.891235307594562,0.911974585145247
"328","CAL",37,"Rarefaction",0,152.283482224782,144.949626249993,159.617338199571,0.912643984920172,0.902715137074021,0.922572832766322
"329","CAL",42,"Rarefaction",0,159.450084499332,151.43091811876,167.469250879904,0.92128679827091,0.911773301691827,0.930800294849993
"330","CAL",47,"Rarefaction",0,165.937416140131,157.256952819116,174.617879461145,0.928280663862164,0.919154956385538,0.937406371338791
"331","CAL",52,"Rarefaction",0,171.869399806522,162.551746873792,181.187052739252,0.934085469578931,0.925315533826012,0.942855405331849
"332","CAL",57,"Rarefaction",0,177.336827000281,167.405915492099,187.267738508462,0.938996874807685,0.930545602645328,0.947448146970043
"333","CAL",63,"Rarefaction",0,183.380792037505,172.744727536268,194.016856538742,0.94398655895309,0.935861784570468,0.952111333335713
"334","CAL",68,"Rarefaction",0,188.049080849097,176.849821200842,199.248340497353,0.947550877568374,0.939646801794379,0.955454953342368
"335","CAL",73,"Rarefaction",0,192.427757584042,180.685992061849,204.169523106236,0.950682051404993,0.942949050307413,0.958415052502572
"336","CAL",78,"Rarefaction",0,196.551119124333,184.285751431128,208.816486817539,0.953457729617019,0.945845138344346,0.961070320889692
"337","CAL",83,"Rarefaction",0,200.447320672584,187.675184432422,213.219456912745,0.955941937413874,0.948399668181176,0.963484206646572
"338","CAL",88,"Rarefaction",0,204.139382854023,190.875019749283,217.403745958764,0.958189245394206,0.950669115444028,0.965709375344384
"339","CAL",94,"Rarefaction",0,208.326315789474,194.487020347557,222.165611231391,0.960639606396064,0.953086322122044,0.968192890670084
"340","CAL",95,"Observed",0,209,195.066267666549,222.933732333451,0.961028287043897,0.953463925797147,0.968592648290648
"341","CAL",96,"Extrapolation",0,209.667031634385,195.639203659174,223.694859609597,0.961413129502318,0.953836604907009,0.968989654097628
"342","CAL",101,"Extrapolation",0,212.904677870578,198.410805628144,227.398550113012,0.963281082494056,0.955631861524107,0.970930303464005
"343","CAL",106,"Extrapolation",0,215.985592791297,201.031392062857,230.939793519737,0.965058609692399,0.957326501434894,0.972790717949905
"344","CAL",112,"Extrapolation",0,219.486462092449,203.984580519025,234.988343665872,0.967078428662015,0.959247267927802,0.974909589396229
"345","CAL",117,"Extrapolation",0,222.248759219871,206.292475702312,238.20504273743,0.968672130013805,0.960766520650576,0.976577739377035
"346","CAL",123,"Extrapolation",0,225.387580467098,208.886536839276,241.888624094919,0.970483066141954,0.962503968669568,0.97846216361434
"347","CAL",128,"Extrapolation",0,227.864210174998,210.908596634484,244.819823715511,0.971911952294055,0.963887534606261,0.979936369981849
"348","CAL",134,"Extrapolation",0,230.678425152632,213.17577638455,248.181073920714,0.973535607537207,0.965477520363703,0.98159369471071
"349","CAL",139,"Extrapolation",0,232.898930198654,214.938814574456,250.859045822851,0.97481672311973,0.9667481139709,0.98288533226856
"350","CAL",145,"Extrapolation",0,235.42210858842,216.911069087817,253.933148089023,0.976272465433132,0.96821179203732,0.984333138828943
"351","CAL",150,"Extrapolation",0,237.412976518204,218.441394670289,256.384558366118,0.977421092378232,0.969383369321471,0.985458815434993
"352","CAL",156,"Extrapolation",0,239.675216338964,220.149732479312,259.200700198616,0.978726286748753,0.970734368108359,0.986718205389147
"353","CAL",161,"Extrapolation",0,241.460195445831,221.47258818024,261.447802711422,0.979756126582886,0.971816404940676,0.987695848225095
"354","CAL",167,"Extrapolation",0,243.488482081207,222.946439290156,264.030524872258,0.980926342169227,0.973064488270327,0.988788196068128
"355","CAL",172,"Extrapolation",0,245.088864690363,224.085538834996,266.092190545729,0.981849679453356,0.974064143017732,0.98963521588898
"356","CAL",178,"Extrapolation",0,246.907392786939,225.352292845734,268.462492728144,0.982898875304523,0.97521705395172,0.990580696657326
"357","CAL",183,"Extrapolation",0,248.342269243383,226.329518417187,270.355020069578,0.983726724171896,0.976140254697334,0.991313193646458
"358","CAL",189,"Extrapolation",0,249.972731319283,227.414258077508,272.531204561058,0.984667415739291,0.977204641202965,0.992130190275617
"359","CAL",194,"Extrapolation",0,251.259217709149,228.249513055676,274.268922362622,0.985409651278775,0.978056630119615,0.992762672437935
"360","CAL",200,"Extrapolation",0,252.721062915696,229.174917150257,276.267208681134,0.986253059708177,0.979038506192359,0.993467613223994
"361","CAM",1,"Rarefaction",0,11.8111111111111,11.424610954944,12.1976112672782,0.232923579833634,0.222179883664322,0.243667276002946
"362","CAM",10,"Rarefaction",0,59.1641460380118,57.5320550164144,60.7962370596093,0.747558837766909,0.733153253511635,0.761964422022183
"363","CAM",20,"Rarefaction",0,82.3285247368829,79.6407343127514,85.0163151610143,0.851734238377539,0.841217284483928,0.862251192271151
"364","CAM",30,"Rarefaction",0,97.2953455238492,93.707626303174,100.883064744524,0.894347215689416,0.885710685215086,0.902983746163745
"365","CAM",40,"Rarefaction",0,108.39019890369,103.997191116376,112.783206691004,0.918277317277361,0.910553805576393,0.926000828978329
"366","CAM",50,"Rarefaction",0,117.15847563007,112.009674558698,122.307276701442,0.933815089300767,0.926589415397749,0.941040763203785
"367","CAM",60,"Rarefaction",0,124.363317983266,118.486584123395,130.240051843136,0.944675394483457,0.937768278789115,0.951582510177799
"368","CAM",70,"Rarefaction",0,130.453519786227,123.867433877762,137.039605694692,0.95260089286785,0.945927102238947,0.959274683496752
"369","CAM",80,"Rarefaction",0,135.719598703792,128.438921432545,143.000275975039,0.958553584235443,0.952065016901243,0.965042151569643
"370","CAM",90,"Rarefaction",0,140.360841993197,132.398758475814,148.322925510581,0.963118772761084,0.956785568948647,0.969451976573521
"371","CAM",99,"Rarefaction",0,144.122120481237,135.557564062847,152.686676899627,0.966357099065169,0.960148151201294,0.972566046929044
"372","CAM",109,"Rarefaction",0,147.936630462914,138.714645841386,157.158615084442,0.969227610474251,0.963147242060087,0.975307978888414
"373","CAM",119,"Rarefaction",0,151.444882988401,141.578459652554,161.311306324249,0.971509833052074,0.965553041434043,0.977466624670104
"374","CAM",129,"Rarefaction",0,154.708874828269,144.211634173706,165.206115482833,0.973336849323622,0.967500543345887,0.979173155301358
"375","CAM",139,"Rarefaction",0,157.776889572874,146.663184961114,168.890594184635,0.974806499311608,0.969086692146672,0.980526306476544
"376","CAM",149,"Rarefaction",0,160.687025502388,148.971891571708,172.402159433067,0.975992470226165,0.970382218482504,0.981602721969826
"377","CAM",159,"Rarefaction",0,163.469626640634,151.168599131329,175.770654149939,0.976951706670093,0.971439799619596,0.982463613720589
"378","CAM",169,"Rarefaction",0,166.148971232467,153.277806153133,179.020136311802,0.977729511114625,0.972299791865569,0.983159230363682
"379","CAM",179,"Rarefaction",0,168.744444444445,155.31876297764,182.170125911249,0.978363123236124,0.972994285374152,0.983731961098096
"380","CAM",180,"Observed",0,169,155.519708846432,182.480291153568,0.97842077964223,0.97305662031913,0.983784938965329
"381","CAM",181,"Extrapolation",0,169.254874569337,155.720122679768,182.789626458905,0.978478282409656,0.973118505429052,0.983838059390259
"382","CAM",182,"Extrapolation",0,169.509069967098,155.920004122382,183.098135811815,0.978535631947808,0.973179950177347,0.98389131371827
"383","CAM",183,"Extrapolation",0,169.762588003092,156.119352818892,183.405823187292,0.978592828665002,0.973240963897598,0.983944693432405
"384","CAM",184,"Extrapolation",0,170.015430482304,156.318168415039,183.71269254957,0.978649872968462,0.973301555782231,0.983998190154693
"385","CAM",185,"Extrapolation",0,170.26759920491,156.516450558855,184.018747850965,0.978706765264331,0.973361734881373,0.984051795647289
"386","CAM",186,"Extrapolation",0,170.519095966288,156.71419890178,184.323993030797,0.978763505957667,0.9734215101019,0.984105501813434
"387","CAM",187,"Extrapolation",0,170.769922557032,156.911413099711,184.628432014354,0.978820095452451,0.973480890206653,0.984159300698249
"388","CAM",188,"Extrapolation",0,171.020080762966,157.108092814011,184.932068711921,0.978876534151584,0.973539883813821,0.984213184489347
"389","CAM",189,"Extrapolation",0,171.269572365154,157.304237712454,185.234907017853,0.978932822456897,0.973598499396499,0.984267145517295
"390","CAM",190,"Extrapolation",0,171.518399139913,157.499847470123,185.536950809703,0.978988960769149,0.973656745282386,0.984321176255912
"391","CAM",191,"Extrapolation",0,171.766562858828,157.69492177026,185.838203947396,0.979044949488029,0.973714629653645,0.984375269322414
"392","CAM",192,"Extrapolation",0,172.014065288764,157.889460305074,186.138670272453,0.979100789012165,0.97377216054691,0.98442941747742
"393","CAM",193,"Extrapolation",0,172.260908191876,158.083462776501,186.43835360725,0.979156479739119,0.973829345853425,0.984483613624813
"394","CAM",194,"Extrapolation",0,172.507093325623,158.276928896917,186.737257754329,0.979212022065396,0.973886193319323,0.984537850811468
"395","CAM",195,"Extrapolation",0,172.752622442784,158.469858389825,187.035386495744,0.979267416386442,0.973942710546029,0.984592122226856
"396","CAM",196,"Extrapolation",0,172.997497291464,158.662250990484,187.332743592444,0.979322663096653,0.973998904990781,0.984646421202524
"397","CAM",197,"Extrapolation",0,173.241719615112,158.85410644652,187.629332783703,0.97937776258937,0.974054783967279,0.984700741211461
"398","CAM",198,"Extrapolation",0,173.485291152528,159.045424518485,187.925157786571,0.979432715256889,0.974110354646424,0.984755075867353
"399","CAM",199,"Extrapolation",0,173.728213637883,159.236204980393,188.220222295373,0.979487521490458,0.974165624057179,0.984809418923737
"400","CAM",200,"Extrapolation",0,173.970488800723,159.426447620218,188.514529981229,0.979542181680285,0.974220599087511,0.984863764273059
"401","LAZ",1,"Rarefaction",0,23.0422535211268,22.424223652809,23.6602833894445,0.386594184050341,0.373061721483038,0.400126646617644
"402","LAZ",8,"Rarefaction",0,78.3349318251738,76.3001681506324,80.3696954997152,0.811711373612392,0.804356215685481,0.819066531539303
"403","LAZ",16,"Rarefaction",0,105.78380710585,102.754022942477,108.813591269222,0.886535025928492,0.880760187014546,0.892309864842438
"404","LAZ",24,"Rarefaction",0,123.888682868146,120.114815905895,127.662549830398,0.917464184495197,0.912699819882428,0.922228549107966
"405","LAZ",32,"Rarefaction",0,137.586465822052,133.228549290149,141.944382353955,0.934685366503203,0.930554959189695,0.938815773816711
"406","LAZ",39,"Rarefaction",0,147.389435939038,142.606921721294,152.171950156782,0.944630485183461,0.940854142982578,0.948406827384344
"407","LAZ",47,"Rarefaction",0,156.898418109341,151.693882993406,162.102953225276,0.952788222191403,0.949275496402242,0.956300947980563
"408","LAZ",55,"Rarefaction",0,165.088129147121,159.504013565219,170.672244729024,0.95884108764205,0.955498931133477,0.962183244150623
"409","LAZ",63,"Rarefaction",0,172.280462668415,166.342777933001,178.21814740383,0.963528101421605,0.960301593600976,0.966754609242234
"410","LAZ",71,"Rarefaction",0,178.689328265972,172.414373324911,184.964283207033,0.967278944428636,0.964137624821533,0.970420264035739
"411","LAZ",78,"Rarefaction",0,183.772669514882,177.211667812971,190.333671216793,0.970007803019952,0.966927773158597,0.973087832881307
"412","LAZ",86,"Rarefaction",0,189.080987456282,182.200920918028,195.961053994535,0.972659599208547,0.969641318796261,0.975677879620834
"413","LAZ",94,"Rarefaction",0,193.932321364579,186.740395319171,201.124247409986,0.974937017346122,0.971973677468425,0.977900357223818
"414","LAZ",102,"Rarefaction",0,198.38770593764,190.890691669072,205.884720206208,0.976933324989884,0.974016343524214,0.979850306455553
"415","LAZ",109,"Rarefaction",0,201.997822913205,194.239218740556,209.756427085853,0.978503566911466,0.975616721659266,0.981390412163666
"416","LAZ",117,"Rarefaction",0,205.826024074852,197.774135428461,213.877912721242,0.980142868044218,0.977273528375749,0.983012207712688
"417","LAZ",125,"Rarefaction",0,209.362858553545,201.022710472182,217.703006634908,0.981654580280064,0.978779188641666,0.984529971918463
"418","LAZ",133,"Rarefaction",0,212.629226738203,204.004014828949,221.254438647457,0.983069775262673,0.980159853385375,0.98597969713997
"419","LAZ",141,"Rarefaction",0,215.640845070422,206.731073178119,224.550616962726,0.984413202933985,0.981436873891524,0.987389531976447
"420","LAZ",142,"Observed",0,216,207.054525887858,224.945474112142,0.984576213334015,0.981589694893372,0.987562731774659
"421","LAZ",143,"Extrapolation",0,216.355398802613,207.374168226238,225.336629378989,0.984737518932834,0.981740765591461,0.987734272274207
"422","LAZ",146,"Extrapolation",0,217.399449223457,208.310549193864,226.48834925305,0.985211384283793,0.982183904640707,0.98823886392688
"423","LAZ",149,"Extrapolation",0,218.411084251487,209.213766639207,227.608401863767,0.985670537192532,0.982612758623984,0.988728315761081
"424","LAZ",152,"Extrapolation",0,219.391310310983,210.084651453969,228.697969167997,0.986115434446946,0.98302827748521,0.989202591408681
"425","LAZ",155,"Extrapolation",0,220.341102579035,210.924022030079,229.758183127992,0.986546518652702,0.983431294717187,0.989661742588218
"426","LAZ",158,"Extrapolation",0,221.261405955704,211.732685920543,230.790125990865,0.986964218673571,0.983822543753492,0.99010589359365
"427","LAZ",161,"Extrapolation",0,222.153136004048,212.51144104359,231.794830964507,0.987368950058075,0.984202672361749,0.990535227754401
"428","LAZ",164,"Extrapolation",0,223.017179860976,213.261076502559,232.773283219393,0.9877611154529,0.984572255110953,0.990949975794847
"429","LAZ",167,"Extrapolation",0,223.85439711981,213.982373084905,233.726421154714,0.988141105003468,0.984931804067413,0.991350405939522
"430","LAZ",170,"Extrapolation",0,224.665620685453,214.676103496044,234.655137874862,0.988509296742071,0.985281777910069,0.991736815574073
"431","LAZ",173,"Extrapolation",0,225.451657603004,215.343032377171,235.560282828838,0.988866056963959,0.985622589664093,0.992109524263825
"432","LAZ",176,"Extrapolation",0,226.213289860648,215.983916150441,236.442663570855,0.989211740591747,0.985954613243709,0.992468867939785
"433","LAZ",179,"Extrapolation",0,226.95127516761,216.599502729724,237.303047605495,0.989546691528507,0.986278188978884,0.99281519407813
"434","LAZ",182,"Extrapolation",0,227.666347707968,217.190531130502,238.142164285433,0.989871242999905,0.986593628280857,0.993148857718953
"435","LAZ",185,"Extrapolation",0,228.359218871053,217.75773100818,238.960706733925,0.990185717885706,0.986901217581175,0.993470218190236
"436","LAZ",188,"Extrapolation",0,229.030577959173,218.301822150147,239.759333768198,0.990490429040991,0.98720122165968,0.993779636422303
"437","LAZ",191,"Extrapolation",0,229.681092873367,218.823513943291,240.538671803442,0.990785679607405,0.987493886459416,0.994077472755394
"438","LAZ",194,"Extrapolation",0,230.311410777863,219.323504835284,241.299316720442,0.991071763314731,0.98777944147107,0.994364085158393
"439","LAZ",197,"Extrapolation",0,230.922158743913,219.802481804892,242.041835682933,0.991348964773111,0.988058101756271,0.994639827789952
"440","LAZ",200,"Extrapolation",0,231.513944373629,220.261119853724,242.766768893533,0.991617559756188,0.988330069667783,0.994905049844594
"441","TOS",1,"Rarefaction",0,39.3333333333333,38.2842523018027,40.3824143648639,0.358747185018392,0.349545953515474,0.367948416521309
"442","TOS",8,"Rarefaction",0,144.004243554621,141.033633130572,146.974853978669,0.787871765443692,0.780941014703697,0.794802516183686
"443","TOS",16,"Rarefaction",0,195.892205537041,191.825018378017,199.959392696065,0.877361927867195,0.872361979572395,0.882361876161994
"444","TOS",24,"Rarefaction",0,228.850526429414,223.783523086215,233.917529772613,0.913519923468743,0.909402042639606,0.91763780429788
"445","TOS",32,"Rarefaction",0,253.098545441815,247.098247838736,259.098843044894,0.93315208350052,0.929460488743116,0.936843678257925
"446","TOS",40,"Rarefaction",0,272.303252934434,265.43156042931,279.174945439557,0.945496456012056,0.942072919120437,0.948919992903675
"447","TOS",48,"Rarefaction",0,288.213023888113,280.525427588089,295.900620188137,0.953963927864071,0.950744937483157,0.957182918244985
"448","TOS",56,"Rarefaction",0,301.805749348456,293.352004916805,310.259493780107,0.960110437752198,0.957060321986276,0.96316055351812
"449","TOS",64,"Rarefaction",0,313.686708541474,304.5119600356,322.861457047348,0.96475552643852,0.961847220433929,0.967663832443112
"450","TOS",72,"Rarefaction",0,324.256505053387,314.401779611464,334.11123049531,0.968376572299528,0.965587099887715,0.971166044711342
"451","TOS",79,"Rarefaction",0,332.649986015302,322.230788634847,343.069183395757,0.970942167765692,0.968240432322346,0.973643903209038
"452","TOS",87,"Rarefaction",0,341.447782340295,330.414800765449,352.48076391514,0.973365157979121,0.970747812579286,0.975982503378956
"453","TOS",95,"Rarefaction",0,349.542733889409,337.9257419322,361.159725846617,0.975376821209111,0.972829241456093,0.977924400962129
"454","TOS",103,"Rarefaction",0,357.050053168427,344.875237589794,369.224868747059,0.977074075550567,0.974583282540934,0.9795648685602
"455","TOS",111,"Rarefaction",0,364.058602611035,351.348802642893,376.768402579177,0.978525800940679,0.976079623154978,0.98097197872638
"456","TOS",119,"Rarefaction",0,370.63837833359,357.41328546331,383.863471203871,0.979781815930837,0.977368119323707,0.982195512537967
"457","TOS",127,"Rarefaction",0,376.845641747993,363.121910902274,390.569372593712,0.980878720765775,0.978484746813967,0.983272694717582
"458","TOS",135,"Rarefaction",0,382.726500660622,368.517739792668,396.935261528575,0.981843812235363,0.979455615323454,0.984232009147272
"459","TOS",143,"Rarefaction",0,388.319444444445,373.636062442651,403.002826446238,0.982697740112994,0.980299693265722,0.985095786960266
"460","TOS",144,"Observed",0,389,374.257852097935,403.742147902065,0.98279839173833,0.980398034735221,0.98519874874144
"461","TOS",145,"Extrapolation",0,389.676596591626,374.875784756036,404.477408427215,0.982898457847684,0.980495647803419,0.98530126789195
"462","TOS",147,"Extrapolation",0,391.018004870295,376.100145315802,405.935864424789,0.983096847123012,0.980688750087245,0.98550494415878
"463","TOS",150,"Extrapolation",0,393.000996478418,377.908170940549,408.093822016287,0.983390124176966,0.980973311820992,0.98580693653294
"464","TOS",153,"Extrapolation",0,394.949582319695,379.682370215813,410.216794423576,0.983678312746481,0.981252088245495,0.986104537247467
"465","TOS",156,"Extrapolation",0,396.864359349145,381.423181273532,412.305537424758,0.983961501118975,0.981525413430371,0.98639758880758
"466","TOS",159,"Extrapolation",0,398.745914164357,383.131040348027,414.360787980686,0.984239776050043,0.98179358969249,0.986685962407595
"467","TOS",162,"Extrapolation",0,400.594823185197,384.806382743248,416.383263627145,0.984513222790028,0.982056890151694,0.986969555428362
"468","TOS",165,"Extrapolation",0,402.411652830396,386.449643586588,418.373662074203,0.984781925110147,0.98231556126894,0.987248288951354
"469","TOS",168,"Extrapolation",0,404.196959691073,388.061258398231,420.332660983915,0.985045965328148,0.98256982530459,0.987522105351706
"470","TOS",171,"Extrapolation",0,405.95129070125,389.641663501261,422.260917901238,0.98530542433353,0.98281988265461,0.987790966012449
"471","TOS",173,"Extrapolation",0,407.10390169241,390.678144126076,423.529659258743,0.985475891195042,0.982984340498686,0.987967441891398
"472","TOS",176,"Extrapolation",0,408.807795994573,392.207505650352,425.408086338794,0.985727890799649,0.983227779509652,0.988228002089646
"473","TOS",179,"Extrapolation",0,410.482126989534,393.706826629292,427.257427349776,0.985975518101516,0.983467455452596,0.988483580750437
"474","TOS",182,"Extrapolation",0,412.127407613531,395.176547822808,429.078267404254,0.986218848961998,0.983703506022936,0.98873419190106
"475","TOS",185,"Extrapolation",0,413.744141903134,396.617111183832,430.871172622436,0.986457957926221,0.98393605585233,0.988979860000111
"476","TOS",188,"Extrapolation",0,415.332825149661,398.028959713928,432.636690585393,0.98669291824592,0.984165217937703,0.989220618554138
"477","TOS",191,"Extrapolation",0,416.893944050908,399.412537266028,434.375350835788,0.986923801901884,0.984391094925324,0.989456508878444
"478","TOS",194,"Extrapolation",0,418.427976860256,400.768288304143,436.087665416369,0.987150679626001,0.984613780260857,0.989687578991144
"479","TOS",197,"Extrapolation",0,419.935393533178,402.096657628815,437.774129437541,0.98737362092293,0.984833359216671,0.989913882629189
"480","TOS",200,"Extrapolation",0,421.416655871217,403.398090076097,439.435221666338,0.987592694091396,0.98504990980762,0.990135478375172
"481","LIG",1,"Rarefaction",0,14.0055555555556,13.5926023128549,14.4185087982562,0.291437954700091,0.279735182863556,0.303140726536625
"482","LIG",10,"Rarefaction",0,68.47383584114,66.2501247064127,70.6975469758674,0.739426741970633,0.725593799474357,0.753259684466908
"483","LIG",20,"Rarefaction",0,97.2429520033553,93.6663874335145,100.819516573196,0.842501189279391,0.832041010428542,0.85296136813024
"484","LIG",30,"Rarefaction",0,116.223227208697,111.560592171253,120.885862246142,0.885930187420888,0.877306563133209,0.894553811708567
"485","LIG",40,"Rarefaction",0,130.540555531514,124.957290170877,136.123820892151,0.910081880318445,0.902610072739931,0.917553687896958
"486","LIG",50,"Rarefaction",0,142.080753775616,135.694181811005,148.467325740228,0.925696204101505,0.919005854208881,0.932386553994129
"487","LIG",60,"Rarefaction",0,151.755490193326,144.65339235629,158.857588030363,0.936657629289988,0.930529296930056,0.942785961649919
"488","LIG",70,"Rarefaction",0,160.091237176397,152.341804740357,167.840669612436,0.944733580236261,0.939024321816481,0.950442838656041
"489","LIG",80,"Rarefaction",0,167.425632755495,159.083456662031,175.76780884896,0.950884646704065,0.945489501360911,0.95627979204722
"490","LIG",90,"Rarefaction",0,173.988296838932,165.097898048561,182.878695629304,0.955696547027953,0.950533692649301,0.960859401406606
"491","LIG",99,"Rarefaction",0,179.369532381739,170.017231546889,188.721833216588,0.959200475919373,0.954192120672666,0.964208831166081
"492","LIG",109,"Rarefaction",0,184.873939676042,175.037477622898,194.710401729186,0.962416153603367,0.957533440816665,0.96729886639007
"493","LIG",119,"Rarefaction",0,189.963555388838,179.668404290974,200.258706486701,0.965095286457539,0.960301650650831,0.969888922264247
"494","LIG",129,"Rarefaction",0,194.704873755023,183.972164574962,205.437582935084,0.967366789875399,0.962633665130982,0.972099914619816
"495","LIG",139,"Rarefaction",0,199.148902500652,187.996209289718,210.301595711585,0.969321407954414,0.964623987705847,0.974018828202982
"496","LIG",149,"Rarefaction",0,203.335719583465,191.777638874735,214.893800292195,0.971023398713977,0.966337144973847,0.975709652454107
"497","LIG",159,"Rarefaction",0,207.297646141129,195.346170153295,219.249122128963,0.97251850410046,0.96781662580862,0.9772203823923
"498","LIG",169,"Rarefaction",0,211.061468705941,198.726160147371,223.396777264512,0.973839472563239,0.969091376519741,0.978587568606738
"499","LIG",179,"Rarefaction",0,214.65,201.937984110229,227.362015889771,0.975009916699722,0.970180543908662,0.979839289490782
"500","LIG",180,"Observed",0,215,202.250607145588,227.749392854412,0.975120228712172,0.97028086819592,0.979959589228423
"501","LIG",181,"Extrapolation",0,215.348455018981,202.561726193293,228.135183844669,0.975230053781863,0.97038056675342,0.980079540810306
"502","LIG",182,"Extrapolation",0,215.695371876848,202.871343672247,228.519400081448,0.975339394058274,0.97047965633283,0.980199131783718
"503","LIG",183,"Extrapolation",0,216.040757363398,203.17946201806,228.902052708737,0.975448251681394,0.970578153140684,0.980318350222104
"504","LIG",184,"Extrapolation",0,216.38461823846,203.486083685334,229.283152791587,0.975556628781768,0.970676072850694,0.980437184712842
"505","LIG",185,"Extrapolation",0,216.726961232022,203.791211149828,229.662711314217,0.975664527480533,0.970773430616258,0.980555624344807
"506","LIG",186,"Extrapolation",0,217.067793044365,204.094846910495,230.040739178234,0.975771949889465,0.970870241083123,0.980673658695807
"507","LIG",187,"Extrapolation",0,217.407120346191,204.396993491402,230.417247200979,0.975878898111017,0.970966518402129,0.980791277819906
"508","LIG",188,"Extrapolation",0,217.744949778758,204.697653443543,230.792246113973,0.975985374238364,0.971062276242017,0.98090847223471
"509","LIG",189,"Extrapolation",0,218.081287954008,204.996829346539,231.165746561478,0.976091380355436,0.971157527802236,0.981025232908636
"510","LIG",190,"Extrapolation",0,218.416141454697,205.294523810233,231.537759099161,0.97619691853697,0.97125228582573,0.981141551248209
"511","LIG",191,"Extrapolation",0,218.749516834521,205.59073947619,231.908294192852,0.976301990848539,0.971346562611654,0.981257419085425
"512","LIG",192,"Extrapolation",0,219.081420618248,205.885479019091,232.277362217405,0.976406599346604,0.971440370028002,0.981372828665205
"513","LIG",193,"Extrapolation",0,219.411859301844,206.178745148042,232.644973455646,0.976510746078542,0.971533719524121,0.981487772632964
"514","LIG",194,"Extrapolation",0,219.740839352599,206.470540607785,233.011138097413,0.976614433082698,0.971626622143068,0.981602244022329
"515","LIG",195,"Extrapolation",0,220.068367209258,206.76086817983,233.375866238686,0.976717662388416,0.971719088533817,0.981716236243015
"516","LIG",196,"Extrapolation",0,220.39444928214,207.049730683494,233.739167880786,0.976820436016082,0.971811128963278,0.981829743068887
"517","LIG",197,"Extrapolation",0,220.71909195327,207.337130976868,234.101052929672,0.976922755977166,0.971902753328114,0.981942758626219
"518","LIG",198,"Extrapolation",0,221.042301576501,207.623071957699,234.461531195304,0.977024624274257,0.971993971166351,0.982055277382162
"519","LIG",199,"Extrapolation",0,221.364084477638,207.907556564197,234.820612391079,0.977126042901103,0.972084791668764,0.982167294133441
"520","LIG",200,"Extrapolation",0,221.684446954562,208.190587775775,235.178306133349,0.977227013842653,0.972175223690029,0.982278803995278
"521","SIC",1,"Rarefaction",0,27.9537037037037,27.3794706223023,28.527936785105,0.435919794788132,0.427494004035047,0.444345585541217
"522","SIC",6,"Rarefaction",0,76.7889787820071,75.3182289827409,78.2597285812734,0.81143079628099,0.80460606942656,0.81825552313542
"523","SIC",11,"Rarefaction",0,98.3512351197157,96.2261523732441,100.476317866187,0.882148707404072,0.877071407609777,0.887226007198367
"524","SIC",16,"Rarefaction",0,112.960295575872,110.284184072286,115.636407079457,0.911540012542942,0.907389901667902,0.915690123417983
"525","SIC",21,"Rarefaction",0,124.304879498439,121.162737230497,127.447021766381,0.928229212859766,0.924562724914234,0.931895700805298
"526","SIC",26,"Rarefaction",0,133.671081182202,130.115917624505,137.226244739898,0.939341641531714,0.935956295279723,0.942726987783704
"527","SIC",31,"Rarefaction",0,141.672402958701,137.735318992989,145.609486924413,0.947401835956752,0.944196866282702,0.950606805630802
"528","SIC",36,"Rarefaction",0,148.662968565879,144.362026365736,152.963910766022,0.953549841315639,0.950465460421224,0.956634222210053
"529","SIC",41,"Rarefaction",0,154.872110492469,150.217685467591,159.526535517347,0.958396805210067,0.955392995333312,0.961400615086822
"530","SIC",46,"Rarefaction",0,160.459218039432,155.457047721075,165.46138835779,0.96231049492056,0.959359562415468,0.965261427425653
"531","SIC",52,"Rarefaction",0,166.503886033504,161.088039252083,171.919732814925,0.966105536267094,0.963193912338896,0.969017160195293
"532","SIC",57,"Rarefaction",0,171.091116949395,165.331547176964,176.850686721827,0.968702335220896,0.965810925644368,0.971593744797424
"533","SIC",62,"Rarefaction",0,175.338588498221,169.235131011566,181.442045984876,0.970902717518763,0.968024998705972,0.973780436331553
"534","SIC",67,"Rarefaction",0,179.296992450016,172.848932695085,185.745052204948,0.972786286114774,0.969918822625091,0.975653749604457
"535","SIC",72,"Rarefaction",0,183.007085746077,176.213458732506,189.800712759648,0.9744127632934,0.971554154957669,0.97727137162913
"536","SIC",77,"Rarefaction",0,186.502115958805,179.36191328634,193.642318631271,0.975827822784957,0.972977950393462,0.978677695176451
"537","SIC",82,"Rarefaction",0,189.809550162842,182.321860758347,197.297239567336,0.977066985168255,0.974226489425327,0.979907480911183
"538","SIC",87,"Rarefaction",0,192.952333785339,185.116436106264,200.788231464414,0.978158289458021,0.975328220922297,0.980988357993746
"539","SIC",92,"Rarefaction",0,195.949824364729,187.765242906389,204.134405823069,0.979124166274568,0.976305755626556,0.981942576922581
"540","SIC",97,"Rarefaction",0,198.818495696853,190.285031404269,207.351959989437,0.979982776668106,0.977177287476387,0.982788265859826
"541","SIC",103,"Rarefaction",0,202.110613937049,193.158633056087,211.062594818011,0.980892259455685,0.9781038569673,0.98368066194407
"542","SIC",108,"Rarefaction",0,204.742928178185,195.442637404471,214.0432189519,0.981563620062759,0.978790636459373,0.984336603666144
"543","SIC",113,"Rarefaction",0,207.285311349309,197.637414802356,216.933207896262,0.982166961664443,0.9794103123515,0.984923610977387
"544","SIC",118,"Rarefaction",0,209.746788643444,199.752245252322,219.741332034566,0.982710621809768,0.979971060160352,0.985450183459185
"545","SIC",123,"Rarefaction",0,212.135293232341,201.795295578886,222.475290885796,0.983201679476426,0.980479791927117,0.985923567025734
"546","SIC",128,"Rarefaction",0,214.457828475664,203.773779747614,225.141877203714,0.983646188759526,0.980942394789873,0.986349982729179
"547","SIC",133,"Rarefaction",0,216.720600392957,205.694090493073,227.747110292841,0.984049362996075,0.981363917709711,0.986734808282439
"548","SIC",138,"Rarefaction",0,218.929126622971,207.561908138343,230.296345107598,0.984415721152027,0.981748719079426,0.987082723224628
"549","SIC",143,"Rarefaction",0,221.088326630659,209.382291120675,232.794362140642,0.984749205141336,0.982100584505805,0.987397825776867
"550","SIC",148,"Rarefaction",0,223.202596843814,211.159751734872,235.245441952757,0.985053274515219,0.982422821619903,0.987683727410535
"551","SIC",154,"Rarefaction",0,225.685926941416,213.241690306206,238.130163576627,0.98538360589079,0.982774464855064,0.987992746926515
"552","SIC",159,"Rarefaction",0,227.714637583883,214.938306844201,240.490968323566,0.985633234759396,0.983041278581234,0.988225190937557
"553","SIC",164,"Rarefaction",0,229.709644539755,216.60345234453,242.81583673498,0.985862087775157,0.983286647162927,0.988437528387387
"554","SIC",169,"Rarefaction",0,231.673730252751,218.23993760249,245.107522903012,0.986072291165671,0.983512565003615,0.988632017327727
"555","SIC",174,"Rarefaction",0,233.609391923955,219.850269918305,247.368513929605,0.986265763781768,0.983720824994141,0.988810702569394
"556","SIC",179,"Rarefaction",0,235.518868871861,221.436681528435,249.601056215288,0.986444245117454,0.983913047141598,0.988975443093311
"557","SIC",184,"Rarefaction",0,237.404166250696,223.001154430808,251.807178070583,0.986609318604442,0.984090702460993,0.989127934747891
"558","SIC",189,"Rarefaction",0,239.267075738722,224.545442215863,253.98870926158,0.986762431016018,0.984255132893097,0.989269729138939
"559","SIC",194,"Rarefaction",0,241.109193700976,226.071089405334,256.147297996618,0.986904908660027,0.984407567859963,0.989402249460091
"560","SIC",200,"Rarefaction",0,243.294273962787,227.879152487136,258.709395438438,0.987063553992852,0.984576241409783,0.989550866575922
"561","SAR",1,"Rarefaction",0,42.0297397769517,41.4912566127878,42.5682229411155,0.380160712447007,0.373821174168523,0.38650025072549
"562","SAR",6,"Rarefaction",0,126.871584069738,125.153214124824,128.589954014652,0.767416973419902,0.762307331783311,0.772526615056493
"563","SAR",11,"Rarefaction",0,167.166847468792,164.686734822665,169.64696011492,0.853022452404903,0.84900330093143,0.857041603878376
"564","SAR",16,"Rarefaction",0,194.435640088255,191.343540107348,197.527740069161,0.891160319007018,0.887728244685625,0.89459239332841
"565","SAR",21,"Rarefaction",0,215.310640844323,211.697001927897,218.924279760749,0.912828245054878,0.90981971175165,0.915836778358106
"566","SAR",26,"Rarefaction",0,232.360263878219,228.290674285643,236.429853470795,0.926849685354237,0.924168345127567,0.929531025580907
"567","SAR",31,"Rarefaction",0,246.850950792744,242.377518364229,251.324383221258,0.936713126487737,0.934287568344699,0.939138684630775
"568","SAR",36,"Rarefaction",0,259.498901772257,254.66445917766,264.333344366854,0.944071492372505,0.941848289801421,0.946294694943589
"569","SAR",41,"Rarefaction",0,270.748003744557,265.588228559949,275.907778929164,0.949805051418156,0.947744949792041,0.95186515304427
"570","SAR",46,"Rarefaction",0,280.892532655286,275.437370633743,286.347694676829,0.954423193436722,0.952497227429223,0.956349159444222
"571","SAR",52,"Rarefaction",0,291.89326322255,286.116691136209,297.669835308891,0.9589264283147,0.957132774898452,0.960720081730949
"572","SAR",57,"Rarefaction",0,300.254453029609,294.233225514375,306.275680544844,0.962044184780777,0.960342012446952,0.963746357114601
"573","SAR",62,"Rarefaction",0,307.999016815706,301.750980203541,314.247053427871,0.964724441301018,0.963099684424585,0.966349198177451
"574","SAR",67,"Rarefaction",0,315.210762721395,308.751261963988,321.670263478803,0.967057985006566,0.965498543058334,0.968617426954798
"575","SAR",72,"Rarefaction",0,321.95664407328,315.298913447728,328.614374698832,0.969111136441391,0.967606451170034,0.970615821712747
"576","SAR",77,"Rarefaction",0,328.291170418389,321.446643941949,335.135696894829,0.970933689071645,0.969474523280915,0.972392854862375
"577","SAR",82,"Rarefaction",0,334.259422091023,327.237984429456,341.28085975259,0.972563921641127,0.97114223502627,0.973985608255984
"578","SAR",87,"Rarefaction",0,339.899173078074,332.709366207202,347.088979948946,0.974031861296112,0.972640724163229,0.975422998428996
"579","SAR",92,"Rarefaction",0,345.242427161453,337.891623757558,352.593230565348,0.975361469655895,0.973994984771551,0.976727954540239
"580","SAR",97,"Rarefaction",0,350.316557024646,342.811108434456,357.822005614836,0.976572147272862,0.975225367566478,0.977918926979245
"581","SAR",103,"Rarefaction",0,356.083279902427,348.399391376646,363.767168428208,0.977890161605941,0.976561703564141,0.979218619647741
"582","SAR",108,"Rarefaction",0,360.644097500326,352.816550238266,368.471644762387,0.978891358990973,0.977574619967803,0.980208098014144
"583","SAR",113,"Rarefaction",0,365.001140497096,357.033805635361,372.968475358831,0.979815679903735,0.978508133192459,0.981123226615011
"584","SAR",118,"Rarefaction",0,369.169786198844,361.065959289679,377.273613108009,0.980672082401894,0.979371758552285,0.981972406251504
"585","SAR",123,"Rarefaction",0,373.163648017683,364.926126980096,381.401169055269,0.981468167774942,0.980173565624422,0.982762769925462
"586","SAR",128,"Rarefaction",0,376.994839252449,368.62599432563,385.363684179268,0.982210422807924,0.980920427241949,0.9835004183739
"587","SAR",133,"Rarefaction",0,380.674190451212,372.176026849526,389.172354052899,0.982904411507889,0.981618218965547,0.984190604050232
"588","SAR",138,"Rarefaction",0,384.211429864977,375.585643636185,392.83721609377,0.98355492867569,0.982271980785606,0.984837876565773
"589","SAR",143,"Rarefaction",0,387.615334214175,378.863361675818,396.367306752532,0.984166124223624,0.98288604949899,0.985446198948258
"590","SAR",148,"Rarefaction",0,390.893855335971,382.016916391441,399.770794280502,0.984741604741955,0.983464167963619,0.986019041520291
"591","SAR",154,"Rarefaction",0,394.672714979428,385.647176960541,403.698252998315,0.985389440207237,0.984114986457153,0.986663893957321
"592","SAR",159,"Rarefaction",0,397.699978206519,388.551572150562,406.848384262475,0.985896879370801,0.984624821093709,0.987168937647893
"593","SAR",164,"Rarefaction",0,400.622905451906,391.352383308639,409.893427595173,0.986377380373705,0.985107657395262,0.987647103352149
"594","SAR",169,"Rarefaction",0,403.446977915834,394.054996305957,412.83895952571,0.986833031522836,0.985565577946528,0.988100485099143
"595","SAR",174,"Rarefaction",0,406.177258384933,396.66439444659,415.690122323276,0.987265685170349,0.98600040903452,0.988530961306178
"596","SAR",179,"Rarefaction",0,408.818437928666,399.185200815946,418.451675041386,0.987676990966666,0.986413757924612,0.98894022400872
"597","SAR",184,"Rarefaction",0,411.374876052654,401.621714429428,421.12803767588,0.988068424005639,0.986807044566435,0.989329803444843
"598","SAR",189,"Rarefaction",0,413.850635309407,403.977941192037,423.723329426778,0.988441308692933,0.987181528613202,0.989701088772665
"599","SAR",194,"Rarefaction",0,416.249511205688,406.257620512676,426.2414018987,0.988796839018763,0.987538332481532,0.990055345555994
"600","SAR",200,"Rarefaction",0,419.031665179751,408.897099338902,429.166231020599,0.989202082358269,0.987944566902564,0.990459597813973
