Region,id,phyto_dates,nearest_dates
Abruzzo,1_ABR_GU04,2015-07-31,2015-07-23
Abruzzo,1_ABR_GU04,2015-09-30,2015-09-17
Abruzzo,1_ABR_GU04,2015-11-30,2015-11-04
Abruzzo,1_ABR_GU04,2016-01-31,2016-01-25
Abruzzo,1_ABR_GU04,2016-03-31,2016-03-09
Abruzzo,1_ABR_GU04,2016-06-30,2016-06-06
Abruzzo,1_ABR_GU04,2016-07-31,2016-07-20
Abruzzo,1_ABR_GU04,2016-09-30,2016-09-28
Abruzzo,1_ABR_GU04,2017-02-28,2017-02-16
Abruzzo,1_ABR_GU04,2017-03-31,2017-03-21
Abruzzo,1_ABR_GU04,2017-06-30,2017-06-06
Abruzzo,1_ABR_GU04,2017-07-31,2017-07-21
Abruzzo,1_ABR_GU04,2017-10-31,2017-10-02
Abruzzo,1_ABR_GU04,2017-11-30,2017-11-25
Abruzzo,1_ABR_GU05,2015-07-31,2015-07-23
Abruzzo,1_ABR_GU05,2015-09-30,2015-09-17
Abruzzo,1_ABR_GU05,2015-11-30,2015-11-04
Abruzzo,1_ABR_GU05,2016-01-31,2016-01-25
Abruzzo,1_ABR_GU05,2016-03-31,2016-03-09
Abruzzo,1_ABR_GU05,2016-06-30,2016-06-06
Abruzzo,1_ABR_GU05,2016-07-31,2016-07-20
Abruzzo,1_ABR_GU05,2016-09-30,2016-09-28
Abruzzo,1_ABR_GU05,2017-02-28,2017-02-16
Abruzzo,1_ABR_GU05,2017-03-31,2017-03-21
Abruzzo,1_ABR_GU05,2017-06-30,2017-06-06
Abruzzo,1_ABR_GU05,2017-07-31,2017-07-21
Abruzzo,1_ABR_GU05,2017-10-31,2017-10-02
Abruzzo,1_ABR_GU05,2017-11-30,2017-11-25
Abruzzo,1_ABR_GU06,2015-07-31,2015-07-23
Abruzzo,1_ABR_GU06,2015-09-30,2015-09-17
Abruzzo,1_ABR_GU06,2015-11-30,2015-11-04
Abruzzo,1_ABR_GU06,2016-01-31,2016-01-25
Abruzzo,1_ABR_GU06,2016-03-31,2016-03-09
Abruzzo,1_ABR_GU06,2016-06-30,2016-06-06
Abruzzo,1_ABR_GU06,2016-07-31,2016-07-20
Abruzzo,1_ABR_GU06,2016-09-30,2016-09-28
Abruzzo,1_ABR_GU06,2017-02-28,2017-02-16
Abruzzo,1_ABR_GU06,2017-03-31,2017-03-21
Abruzzo,1_ABR_GU06,2017-06-30,2017-06-06
Abruzzo,1_ABR_GU06,2017-07-31,2017-07-21
Abruzzo,1_ABR_GU06,2017-10-31,2017-10-02
Abruzzo,1_ABR_GU06,2017-11-30,2017-11-25
Abruzzo,1_ABR_VA13,2015-07-31,2015-07-27
Abruzzo,1_ABR_VA13,2015-09-30,2015-09-22
Abruzzo,1_ABR_VA13,2015-11-30,2015-11-05
Abruzzo,1_ABR_VA13,2016-01-31,2016-01-26
Abruzzo,1_ABR_VA13,2016-03-31,2016-03-16
Abruzzo,1_ABR_VA13,2016-06-30,2016-06-08
Abruzzo,1_ABR_VA13,2016-07-31,2016-07-19
Abruzzo,1_ABR_VA13,2016-09-30,2016-09-29
Abruzzo,1_ABR_VA13,2016-11-30,2016-11-22
Abruzzo,1_ABR_VA13,2017-02-28,2017-02-08
Abruzzo,1_ABR_VA13,2017-03-31,2017-03-24
Abruzzo,1_ABR_VA13,2017-05-31,2017-05-24
Abruzzo,1_ABR_VA13,2017-08-31,2017-08-02
Abruzzo,1_ABR_VA13,2017-10-31,2017-10-03
Abruzzo,1_ABR_VA13,2017-12-31,2017-12-14
Abruzzo,1_ABR_VA14,2015-07-31,2015-07-27
Abruzzo,1_ABR_VA14,2015-09-30,2015-09-22
Abruzzo,1_ABR_VA14,2015-11-30,2015-11-05
Abruzzo,1_ABR_VA14,2016-01-31,2016-01-26
Abruzzo,1_ABR_VA14,2016-03-31,2016-03-16
Abruzzo,1_ABR_VA14,2016-06-30,2016-06-08
Abruzzo,1_ABR_VA14,2016-07-31,2016-07-19
Abruzzo,1_ABR_VA14,2016-09-30,2016-09-29
Abruzzo,1_ABR_VA14,2016-11-30,2016-11-22
Abruzzo,1_ABR_VA14,2017-02-28,2017-02-08
Abruzzo,1_ABR_VA14,2017-03-31,2017-03-24
Abruzzo,1_ABR_VA14,2017-05-31,2017-05-24
Abruzzo,1_ABR_VA14,2017-08-31,2017-08-02
Abruzzo,1_ABR_VA14,2017-10-31,2017-10-03
Abruzzo,1_ABR_VA14,2017-12-31,2017-12-14
Abruzzo,1_ABR_VA15,2015-07-31,2015-07-27
Abruzzo,1_ABR_VA15,2015-09-30,2015-09-22
Abruzzo,1_ABR_VA15,2015-11-30,2015-11-05
Abruzzo,1_ABR_VA15,2016-01-31,2016-01-26
Abruzzo,1_ABR_VA15,2016-03-31,2016-03-16
Abruzzo,1_ABR_VA15,2016-06-30,2016-06-08
Abruzzo,1_ABR_VA15,2016-07-31,2016-07-19
Abruzzo,1_ABR_VA15,2016-09-30,2016-09-29
Abruzzo,1_ABR_VA15,2016-11-30,2016-11-22
Abruzzo,1_ABR_VA15,2017-02-28,2017-02-08
Abruzzo,1_ABR_VA15,2017-03-31,2017-03-24
Abruzzo,1_ABR_VA15,2017-05-31,2017-05-24
Abruzzo,1_ABR_VA15,2017-08-31,2017-08-02
Abruzzo,1_ABR_VA15,2017-10-31,2017-10-03
Abruzzo,1_ABR_VA15,2017-12-31,2017-12-14
Basilicata,M1_SINNI_1,2015-10-31,2015-10-28
Basilicata,M1_SINNI_1,2015-12-31,2015-12-29
Basilicata,M1_SINNI_1,2016-04-30,2016-04-15
Basilicata,M1_SINNI_1,2016-05-31,2016-05-18
Basilicata,M1_SINNI_1,2016-07-31,2016-07-12
Basilicata,M1_SINNI_1,2016-08-31,2016-08-31
Basilicata,M1_SINNI_1,2017-05-31,2017-05-19
Basilicata,M1_SINNI_1,2017-06-30,2017-06-23
Basilicata,M1_SINNI_1,2017-07-31,2017-07-12
Basilicata,M1_SINNI_1,2017-09-30,2017-09-05
Basilicata,M1_SINNI_1,2017-10-31,2017-10-03
Basilicata,M1_SINNI_1,2017-11-30,2017-11-24
Basilicata,M1_SINNI_2,2015-10-31,2015-10-28
Basilicata,M1_SINNI_2,2015-12-31,2015-12-29
Basilicata,M1_SINNI_2,2016-04-30,2016-04-15
Basilicata,M1_SINNI_2,2016-05-31,2016-05-18
Basilicata,M1_SINNI_2,2016-07-31,2016-07-12
Basilicata,M1_SINNI_2,2016-08-31,2016-08-31
Basilicata,M1_SINNI_2,2017-05-31,2017-05-19
Basilicata,M1_SINNI_2,2017-06-30,2017-06-23
Basilicata,M1_SINNI_2,2017-07-31,2017-07-12
Basilicata,M1_SINNI_2,2017-09-30,2017-09-05
Basilicata,M1_SINNI_2,2017-10-31,2017-10-03
Basilicata,M1_SINNI_2,2017-11-30,2017-11-24
Basilicata,M1_SINNI_3,2015-10-31,2015-10-28
Basilicata,M1_SINNI_3,2015-12-31,2015-12-29
Basilicata,M1_SINNI_3,2016-04-30,2016-04-15
Basilicata,M1_SINNI_3,2016-05-31,2016-05-18
Basilicata,M1_SINNI_3,2016-07-31,2016-07-12
Basilicata,M1_SINNI_3,2016-08-31,2016-08-31
Basilicata,M1_SINNI_3,2017-05-31,2017-05-19
Basilicata,M1_SINNI_3,2017-06-30,2017-06-23
Basilicata,M1_SINNI_3,2017-07-31,2017-07-12
Basilicata,M1_SINNI_3,2017-09-30,2017-09-05
Basilicata,M1_SINNI_3,2017-10-31,2017-10-03
Basilicata,M1_SINNI_3,2017-11-30,2017-11-24
Calabria,M1T1A,2017-02-28,2017-02-22
Calabria,M1T1A,2017-05-31,2017-05-30
Calabria,M1T1A,2017-08-31,2017-08-29
Calabria,M1T1A,2017-10-31,2017-10-18
Calabria,M1T1B,2015-09-30,2015-09-23
Calabria,M1T1B,2016-05-31,2016-05-26
Calabria,M1T1B,2016-07-31,2016-07-28
Calabria,M1T1B,2017-02-28,2017-02-22
Calabria,M1T1B,2017-05-31,2017-05-30
Calabria,M1T1B,2017-08-31,2017-08-29
Calabria,M1T1B,2017-10-31,2017-10-18
Calabria,M1T1C,2015-09-30,2015-09-23
Calabria,M1T1C,2016-05-31,2016-05-26
Calabria,M1T1C,2016-07-31,2016-07-28
Calabria,M1T1C,2017-02-28,2017-02-22
Calabria,M1T1C,2017-05-31,2017-05-30
Calabria,M1T1C,2017-08-31,2017-08-29
Calabria,M1T1C,2017-10-31,2017-10-18
Calabria,M1T2A,2017-06-30,2017-06-21
Calabria,M1T2A,2017-08-31,2017-08-02
Calabria,M1T2A,2017-10-31,2017-10-17
Calabria,M1T2B,2015-09-30,2015-09-14
Calabria,M1T2B,2015-12-31,2015-12-01
Calabria,M1T2B,2016-05-31,2016-05-10
Calabria,M1T2B,2016-07-31,2016-07-12
Calabria,M1T2B,2017-06-30,2017-06-21
Calabria,M1T2B,2017-08-31,2017-08-02
Calabria,M1T2B,2017-10-31,2017-10-17
Calabria,M1T2C,2015-09-30,2015-09-14
Calabria,M1T2C,2015-12-31,2015-12-01
Calabria,M1T2C,2016-05-31,2016-05-10
Calabria,M1T2C,2016-07-31,2016-07-12
Calabria,M1T2C,2017-06-30,2017-06-21
Calabria,M1T2C,2017-08-31,2017-08-02
Calabria,M1T2C,2017-10-31,2017-10-17
Calabria,M1T3A,2017-05-31,2017-05-18
Calabria,M1T3A,2017-08-31,2017-08-09
Calabria,M1T3B,2015-09-30,2015-09-17
Calabria,M1T3B,2015-12-31,2015-12-03
Calabria,M1T3B,2016-06-30,2016-06-15
Calabria,M1T3B,2017-05-31,2017-05-18
Calabria,M1T3B,2017-08-31,2017-08-09
Calabria,M1T3C,2015-09-30,2015-09-17
Calabria,M1T3C,2015-12-31,2015-12-03
Calabria,M1T3C,2016-05-31,2016-05-23
Calabria,M1T3C,2017-05-31,2017-05-18
Calabria,M1T3C,2017-08-31,2017-08-09
Calabria,M1T4A,2017-02-28,2017-02-16
Calabria,M1T4A,2017-05-31,2017-05-09
Calabria,M1T4A,2017-09-30,2017-09-08
Calabria,M1T4A,2017-10-31,2017-10-03
Calabria,M1T4B,2015-09-30,2015-09-17
Calabria,M1T4B,2016-01-31,2016-01-28
Calabria,M1T4B,2016-07-31,2016-07-20
Calabria,M1T4B,2017-02-28,2017-02-16
Calabria,M1T4B,2017-05-31,2017-05-09
Calabria,M1T4B,2017-09-30,2017-09-08
Calabria,M1T4B,2017-10-31,2017-10-03
Calabria,M1T4C,2015-09-30,2015-09-17
Calabria,M1T4C,2016-01-31,2016-01-28
Calabria,M1T4C,2016-07-31,2016-07-20
Calabria,M1T4C,2017-02-28,2017-02-16
Calabria,M1T4C,2017-05-31,2017-05-09
Calabria,M1T4C,2017-09-30,2017-09-08
Calabria,M1T4C,2017-10-31,2017-10-03
Calabria,M1T5A,2017-02-28,2017-02-27
Calabria,M1T5A,2017-07-31,2017-07-07
Calabria,M1T5B,2015-09-30,2015-09-28
Calabria,M1T5B,2016-02-29,2016-02-23
Calabria,M1T5B,2016-04-30,2016-04-18
Calabria,M1T5B,2016-06-30,2016-06-23
Calabria,M1T5B,2017-02-28,2017-02-27
Calabria,M1T5B,2017-07-31,2017-07-07
Calabria,M1T5C,2015-09-30,2015-09-28
Calabria,M1T5C,2016-02-29,2016-02-23
Calabria,M1T5C,2016-04-30,2016-04-18
Calabria,M1T5C,2016-06-30,2016-06-23
Calabria,M1T5C,2017-02-28,2017-02-27
Calabria,M1T5C,2017-07-31,2017-07-07
Calabria,M1T6A,2017-05-31,2017-05-15
Calabria,M1T6A,2017-08-31,2017-08-08
Calabria,M1T6B,2016-07-31,2016-07-21
Calabria,M1T6B,2017-05-31,2017-05-15
Calabria,M1T6B,2017-08-31,2017-08-08
Calabria,M1T6C,2016-07-31,2016-07-21
Calabria,M1T6C,2017-05-31,2017-05-15
Calabria,M1T6C,2017-08-31,2017-08-08
Campania,M1CL12,2015-07-31,2015-07-24
Campania,M1CL12,2015-09-30,2015-09-17
Campania,M1CL12,2015-11-30,2015-11-10
Campania,M1CL12,2016-01-31,2016-01-26
Campania,M1CL12,2016-03-31,2016-03-15
Campania,M1CL12,2016-05-31,2016-05-18
Campania,M1CL12,2016-07-31,2016-07-05
Campania,M1CL12,2016-09-30,2016-09-15
Campania,M1CL12,2016-11-30,2016-11-17
Campania,M1CL12,2017-01-31,2017-01-27
Campania,M1CL12,2017-03-31,2017-03-14
Campania,M1CL12,2017-05-31,2017-05-16
Campania,M1CL12,2017-07-31,2017-07-07
Campania,M1CL12,2017-09-30,2017-09-06
Campania,M1CL12,2017-11-30,2017-11-22
Campania,M1CL3,2015-07-31,2015-07-24
Campania,M1CL3,2015-09-30,2015-09-17
Campania,M1CL3,2015-11-30,2015-11-10
Campania,M1CL3,2016-01-31,2016-01-26
Campania,M1CL3,2016-03-31,2016-03-15
Campania,M1CL3,2016-05-31,2016-05-18
Campania,M1CL3,2016-07-31,2016-07-05
Campania,M1CL3,2016-09-30,2016-09-15
Campania,M1CL3,2016-11-30,2016-11-17
Campania,M1CL3,2017-01-31,2017-01-27
Campania,M1CL3,2017-03-31,2017-03-14
Campania,M1CL3,2017-05-31,2017-05-16
Campania,M1CL3,2017-07-31,2017-07-07
Campania,M1CL3,2017-09-30,2017-09-06
Campania,M1CL3,2017-11-30,2017-11-22
Campania,M1CL6,2015-07-31,2015-07-24
Campania,M1CL6,2015-09-30,2015-09-17
Campania,M1CL6,2015-11-30,2015-11-10
Campania,M1CL6,2016-01-31,2016-01-26
Campania,M1CL6,2016-03-31,2016-03-15
Campania,M1CL6,2016-05-31,2016-05-18
Campania,M1CL6,2016-07-31,2016-07-05
Campania,M1CL6,2016-09-30,2016-09-15
Campania,M1CL6,2016-11-30,2016-11-17
Campania,M1CL6,2017-01-31,2017-01-27
Campania,M1CL6,2017-03-31,2017-03-14
Campania,M1CL6,2017-05-31,2017-05-16
Campania,M1CL6,2017-07-31,2017-07-07
Campania,M1CL6,2017-09-30,2017-09-06
Campania,M1CL6,2017-11-30,2017-11-22
Campania,M1FV12,2015-07-31,2015-07-17
Campania,M1FV12,2015-09-30,2015-09-11
Campania,M1FV12,2015-11-30,2015-11-03
Campania,M1FV12,2016-01-31,2016-01-20
Campania,M1FV12,2016-03-31,2016-03-11
Campania,M1FV12,2016-05-31,2016-05-10
Campania,M1FV12,2016-07-31,2016-07-08
Campania,M1FV12,2016-09-30,2016-09-27
Campania,M1FV12,2016-11-30,2016-11-02
Campania,M1FV12,2017-01-31,2017-01-25
Campania,M1FV12,2017-03-31,2017-03-13
Campania,M1FV12,2017-05-31,2017-05-03
Campania,M1FV12,2017-07-31,2017-07-11
Campania,M1FV12,2017-09-30,2017-09-08
Campania,M1FV12,2017-11-30,2017-11-03
Campania,M1FV3,2015-07-31,2015-07-17
Campania,M1FV3,2015-09-30,2015-09-11
Campania,M1FV3,2015-11-30,2015-11-03
Campania,M1FV3,2016-01-31,2016-01-20
Campania,M1FV3,2016-03-31,2016-03-11
Campania,M1FV3,2016-05-31,2016-05-10
Campania,M1FV3,2016-07-31,2016-07-08
Campania,M1FV3,2016-09-30,2016-09-27
Campania,M1FV3,2016-11-30,2016-11-02
Campania,M1FV3,2017-01-31,2017-01-25
Campania,M1FV3,2017-03-31,2017-03-03
Campania,M1FV3,2017-05-31,2017-05-03
Campania,M1FV3,2017-07-31,2017-07-11
Campania,M1FV3,2017-09-30,2017-09-08
Campania,M1FV3,2017-11-30,2017-11-03
Campania,M1FV6,2015-07-31,2015-07-17
Campania,M1FV6,2015-09-30,2015-09-11
Campania,M1FV6,2015-11-30,2015-11-03
Campania,M1FV6,2016-01-31,2016-01-20
Campania,M1FV6,2016-03-31,2016-03-11
Campania,M1FV6,2016-05-31,2016-05-10
Campania,M1FV6,2016-07-31,2016-07-08
Campania,M1FV6,2016-09-30,2016-09-27
Campania,M1FV6,2016-11-30,2016-11-02
Campania,M1FV6,2017-01-31,2017-01-25
Campania,M1FV6,2017-03-31,2017-03-13
Campania,M1FV6,2017-05-31,2017-05-03
Campania,M1FV6,2017-07-31,2017-07-11
Campania,M1FV6,2017-09-30,2017-09-08
Campania,M1FV6,2017-11-30,2017-11-03
Campania,M1GN12,2015-07-31,2015-07-16
Campania,M1GN12,2015-09-30,2015-09-10
Campania,M1GN12,2015-11-30,2015-11-02
Campania,M1GN12,2016-01-31,2016-01-21
Campania,M1GN12,2016-03-31,2016-03-10
Campania,M1GN12,2016-05-31,2016-05-11
Campania,M1GN12,2016-07-31,2016-07-07
Campania,M1GN12,2016-09-30,2016-09-23
Campania,M1GN12,2016-11-30,2016-11-22
Campania,M1GN12,2017-01-31,2017-01-20
Campania,M1GN12,2017-03-31,2017-03-10
Campania,M1GN12,2017-05-31,2017-05-04
Campania,M1GN12,2017-07-31,2017-07-04
Campania,M1GN12,2017-09-30,2017-09-07
Campania,M1GN12,2017-11-30,2017-11-16
Campania,M1GN3,2015-07-31,2015-07-16
Campania,M1GN3,2015-09-30,2015-09-10
Campania,M1GN3,2015-11-30,2015-11-02
Campania,M1GN3,2016-01-31,2016-01-21
Campania,M1GN3,2016-03-31,2016-03-10
Campania,M1GN3,2016-05-31,2016-05-11
Campania,M1GN3,2016-07-31,2016-07-07
Campania,M1GN3,2016-09-30,2016-09-23
Campania,M1GN3,2016-11-30,2016-11-22
Campania,M1GN3,2017-01-31,2017-01-20
Campania,M1GN3,2017-03-31,2017-03-10
Campania,M1GN3,2017-05-31,2017-05-04
Campania,M1GN3,2017-07-31,2017-07-04
Campania,M1GN3,2017-09-30,2017-09-07
Campania,M1GN3,2017-11-30,2017-11-16
Campania,M1GN6,2015-07-31,2015-07-16
Campania,M1GN6,2015-09-30,2015-09-10
Campania,M1GN6,2015-11-30,2015-11-02
Campania,M1GN6,2016-01-31,2016-01-21
Campania,M1GN6,2016-03-31,2016-03-10
Campania,M1GN6,2016-05-31,2016-05-11
Campania,M1GN6,2016-07-31,2016-07-07
Campania,M1GN6,2016-09-30,2016-09-23
Campania,M1GN6,2016-11-30,2016-11-22
Campania,M1GN6,2017-01-31,2017-01-20
Campania,M1GN6,2017-03-31,2017-03-10
Campania,M1GN6,2017-05-31,2017-05-04
Campania,M1GN6,2017-07-31,2017-07-04
Campania,M1GN6,2017-09-30,2017-09-07
Campania,M1GN6,2017-11-30,2017-11-16
Campania,M1GS12,2015-07-31,2015-07-23
Campania,M1GS12,2015-09-30,2015-09-15
Campania,M1GS12,2015-11-30,2015-11-12
Campania,M1GS12,2016-01-31,2016-01-28
Campania,M1GS12,2016-03-31,2016-03-15
Campania,M1GS12,2016-05-31,2016-05-05
Campania,M1GS12,2016-07-31,2016-07-04
Campania,M1GS12,2016-09-30,2016-09-14
Campania,M1GS12,2016-11-30,2016-11-16
Campania,M1GS12,2017-01-31,2017-01-26
Campania,M1GS12,2017-03-31,2017-03-13
Campania,M1GS12,2017-05-31,2017-05-17
Campania,M1GS12,2017-07-31,2017-07-06
Campania,M1GS12,2017-09-30,2017-09-05
Campania,M1GS12,2017-11-30,2017-11-21
Campania,M1GS3,2015-07-31,2015-07-23
Campania,M1GS3,2015-09-30,2015-09-15
Campania,M1GS3,2015-11-30,2015-11-12
Campania,M1GS3,2016-01-31,2016-01-28
Campania,M1GS3,2016-03-31,2016-03-15
Campania,M1GS3,2016-05-31,2016-05-05
Campania,M1GS3,2016-07-31,2016-07-04
Campania,M1GS3,2016-09-30,2016-09-14
Campania,M1GS3,2016-11-30,2016-11-16
Campania,M1GS3,2017-01-31,2017-01-26
Campania,M1GS3,2017-03-31,2017-03-13
Campania,M1GS3,2017-05-31,2017-05-17
Campania,M1GS3,2017-07-31,2017-07-06
Campania,M1GS3,2017-09-30,2017-09-05
Campania,M1GS3,2017-11-30,2017-11-21
Campania,M1GS6,2015-07-31,2015-07-23
Campania,M1GS6,2015-09-30,2015-09-15
Campania,M1GS6,2015-11-30,2015-11-12
Campania,M1GS6,2016-01-31,2016-01-28
Campania,M1GS6,2016-03-31,2016-03-15
Campania,M1GS6,2016-05-31,2016-05-05
Campania,M1GS6,2016-07-31,2016-07-04
Campania,M1GS6,2016-09-30,2016-09-14
Campania,M1GS6,2016-11-30,2016-11-16
Campania,M1GS6,2017-01-31,2017-01-26
Campania,M1GS6,2017-03-31,2017-03-13
Campania,M1GS6,2017-05-31,2017-05-17
Campania,M1GS6,2017-07-31,2017-07-06
Campania,M1GS6,2017-09-30,2017-09-05
Campania,M1GS6,2017-11-30,2017-11-21
Emilia-Romagna,1004,2015-07-31,2015-07-20
Emilia-Romagna,1004,2015-08-31,2015-08-03
Emilia-Romagna,1004,2015-09-30,2015-09-30
Emilia-Romagna,1004,2015-10-31,2015-10-27
Emilia-Romagna,1004,2015-11-30,2015-11-05
Emilia-Romagna,1004,2015-12-31,2015-12-21
Emilia-Romagna,1004,2016-01-31,2016-01-20
Emilia-Romagna,1004,2016-02-29,2016-02-02
Emilia-Romagna,1004,2016-03-31,2016-03-21
Emilia-Romagna,1004,2016-04-30,2016-04-05
Emilia-Romagna,1004,2016-05-31,2016-05-18
Emilia-Romagna,1004,2016-06-30,2016-06-07
Emilia-Romagna,1004,2016-07-31,2016-07-05
Emilia-Romagna,1004,2016-08-31,2016-08-03
Emilia-Romagna,1004,2016-09-30,2016-09-26
Emilia-Romagna,1004,2016-10-31,2016-10-19
Emilia-Romagna,1004,2016-11-30,2016-11-16
Emilia-Romagna,1004,2016-12-31,2016-12-07
Emilia-Romagna,1004,2017-01-31,2017-01-27
Emilia-Romagna,1004,2017-02-28,2017-02-01
Emilia-Romagna,1004,2017-03-31,2017-03-10
Emilia-Romagna,1004,2017-04-30,2017-04-06
Emilia-Romagna,1004,2017-05-31,2017-05-17
Emilia-Romagna,1004,2017-06-30,2017-06-07
Emilia-Romagna,1004,2017-07-31,2017-07-05
Emilia-Romagna,1004,2017-08-31,2017-08-01
Emilia-Romagna,1004,2017-09-30,2017-09-05
Emilia-Romagna,1004,2017-10-31,2017-10-02
Emilia-Romagna,1004,2017-11-30,2017-11-20
Emilia-Romagna,1004,2017-12-31,2017-12-18
Emilia-Romagna,1014,2015-07-31,2015-07-21
Emilia-Romagna,1014,2015-08-31,2015-08-04
Emilia-Romagna,1014,2015-09-30,2015-09-30
Emilia-Romagna,1014,2015-10-31,2015-10-28
Emilia-Romagna,1014,2015-11-30,2015-11-04
Emilia-Romagna,1014,2015-12-31,2015-12-22
Emilia-Romagna,1014,2016-01-31,2016-01-14
Emilia-Romagna,1014,2016-02-29,2016-02-01
Emilia-Romagna,1014,2016-03-31,2016-03-25
Emilia-Romagna,1014,2016-04-30,2016-04-04
Emilia-Romagna,1014,2016-05-31,2016-05-04
Emilia-Romagna,1014,2016-06-30,2016-06-08
Emilia-Romagna,1014,2016-07-31,2016-07-07
Emilia-Romagna,1014,2016-08-31,2016-08-04
Emilia-Romagna,1014,2016-09-30,2016-09-29
Emilia-Romagna,1014,2016-10-31,2016-10-03
Emilia-Romagna,1014,2016-11-30,2016-11-17
Emilia-Romagna,1014,2016-12-31,2016-12-06
Emilia-Romagna,1014,2017-01-31,2017-01-12
Emilia-Romagna,1014,2017-02-28,2017-02-02
Emilia-Romagna,1014,2017-03-31,2017-03-06
Emilia-Romagna,1014,2017-04-30,2017-04-04
Emilia-Romagna,1014,2017-05-31,2017-05-15
Emilia-Romagna,1014,2017-06-30,2017-06-05
Emilia-Romagna,1014,2017-07-31,2017-07-06
Emilia-Romagna,1014,2017-08-31,2017-08-02
Emilia-Romagna,1014,2017-09-30,2017-09-06
Emilia-Romagna,1014,2017-10-31,2017-10-03
Emilia-Romagna,1014,2017-11-30,2017-11-22
Emilia-Romagna,1014,2017-12-31,2017-12-19
Emilia-Romagna,1017,2015-07-31,2015-07-21
Emilia-Romagna,1017,2015-08-31,2015-08-04
Emilia-Romagna,1017,2015-09-30,2015-09-30
Emilia-Romagna,1017,2015-10-31,2015-10-28
Emilia-Romagna,1017,2015-11-30,2015-11-04
Emilia-Romagna,1017,2015-12-31,2015-12-22
Emilia-Romagna,1017,2016-01-31,2016-01-19
Emilia-Romagna,1017,2016-02-29,2016-02-01
Emilia-Romagna,1017,2016-03-31,2016-03-25
Emilia-Romagna,1017,2016-04-30,2016-04-04
Emilia-Romagna,1017,2016-05-31,2016-05-06
Emilia-Romagna,1017,2016-06-30,2016-06-08
Emilia-Romagna,1017,2016-07-31,2016-07-12
Emilia-Romagna,1017,2016-08-31,2016-08-04
Emilia-Romagna,1017,2016-09-30,2016-09-29
Emilia-Romagna,1017,2016-10-31,2016-10-17
Emilia-Romagna,1017,2016-11-30,2016-11-17
Emilia-Romagna,1017,2016-12-31,2016-12-06
Emilia-Romagna,1017,2017-01-31,2017-01-12
Emilia-Romagna,1017,2017-02-28,2017-02-02
Emilia-Romagna,1017,2017-03-31,2017-03-06
Emilia-Romagna,1017,2017-04-30,2017-04-04
Emilia-Romagna,1017,2017-05-31,2017-05-18
Emilia-Romagna,1017,2017-06-30,2017-06-05
Emilia-Romagna,1017,2017-07-31,2017-07-06
Emilia-Romagna,1017,2017-08-31,2017-08-02
Emilia-Romagna,1017,2017-09-30,2017-09-06
Emilia-Romagna,1017,2017-10-31,2017-10-03
Emilia-Romagna,1017,2017-11-30,2017-11-22
Emilia-Romagna,1017,2017-12-31,2017-12-20
Emilia-Romagna,2004,2015-07-31,2015-07-20
Emilia-Romagna,2004,2015-08-31,2015-08-03
Emilia-Romagna,2004,2015-09-30,2015-09-30
Emilia-Romagna,2004,2015-10-31,2015-10-27
Emilia-Romagna,2004,2015-11-30,2015-11-05
Emilia-Romagna,2004,2015-12-31,2015-12-21
Emilia-Romagna,2004,2016-01-31,2016-01-20
Emilia-Romagna,2004,2016-02-29,2016-02-02
Emilia-Romagna,2004,2016-03-31,2016-03-21
Emilia-Romagna,2004,2016-04-30,2016-04-05
Emilia-Romagna,2004,2016-05-31,2016-05-18
Emilia-Romagna,2004,2016-06-30,2016-06-07
Emilia-Romagna,2004,2016-07-31,2016-07-05
Emilia-Romagna,2004,2016-08-31,2016-08-03
Emilia-Romagna,2004,2016-09-30,2016-09-26
Emilia-Romagna,2004,2016-10-31,2016-10-19
Emilia-Romagna,2004,2016-11-30,2016-11-16
Emilia-Romagna,2004,2016-12-31,2016-12-07
Emilia-Romagna,2004,2017-01-31,2017-01-27
Emilia-Romagna,2004,2017-02-28,2017-02-01
Emilia-Romagna,2004,2017-03-31,2017-03-10
Emilia-Romagna,2004,2017-04-30,2017-04-06
Emilia-Romagna,2004,2017-05-31,2017-05-17
Emilia-Romagna,2004,2017-06-30,2017-06-07
Emilia-Romagna,2004,2017-07-31,2017-07-05
Emilia-Romagna,2004,2017-08-31,2017-08-01
Emilia-Romagna,2004,2017-09-30,2017-09-05
Emilia-Romagna,2004,2017-10-31,2017-10-02
Emilia-Romagna,2004,2017-11-30,2017-11-20
Emilia-Romagna,2004,2017-12-31,2017-12-18
Emilia-Romagna,2014,2015-07-31,2015-07-21
Emilia-Romagna,2014,2015-08-31,2015-08-04
Emilia-Romagna,2014,2015-09-30,2015-09-30
Emilia-Romagna,2014,2015-10-31,2015-10-28
Emilia-Romagna,2014,2015-11-30,2015-11-04
Emilia-Romagna,2014,2015-12-31,2015-12-22
Emilia-Romagna,2014,2016-01-31,2016-01-14
Emilia-Romagna,2014,2016-02-29,2016-02-01
Emilia-Romagna,2014,2016-03-31,2016-03-25
Emilia-Romagna,2014,2016-04-30,2016-04-04
Emilia-Romagna,2014,2016-05-31,2016-05-04
Emilia-Romagna,2014,2016-06-30,2016-06-08
Emilia-Romagna,2014,2016-07-31,2016-07-12
Emilia-Romagna,2014,2016-08-31,2016-08-04
Emilia-Romagna,2014,2016-09-30,2016-09-29
Emilia-Romagna,2014,2016-10-31,2016-10-03
Emilia-Romagna,2014,2016-11-30,2016-11-17
Emilia-Romagna,2014,2016-12-31,2016-12-06
Emilia-Romagna,2014,2017-01-31,2017-01-12
Emilia-Romagna,2014,2017-02-28,2017-02-02
Emilia-Romagna,2014,2017-03-31,2017-03-06
Emilia-Romagna,2014,2017-04-30,2017-04-04
Emilia-Romagna,2014,2017-05-31,2017-05-15
Emilia-Romagna,2014,2017-06-30,2017-06-05
Emilia-Romagna,2014,2017-07-31,2017-07-06
Emilia-Romagna,2014,2017-08-31,2017-08-02
Emilia-Romagna,2014,2017-09-30,2017-09-06
Emilia-Romagna,2014,2017-10-31,2017-10-03
Emilia-Romagna,2014,2017-11-30,2017-11-22
Emilia-Romagna,2014,2017-12-31,2017-12-19
Emilia-Romagna,2017,2015-07-31,2015-07-21
Emilia-Romagna,2017,2015-08-31,2015-08-04
Emilia-Romagna,2017,2015-09-30,2015-09-30
Emilia-Romagna,2017,2015-10-31,2015-10-28
Emilia-Romagna,2017,2015-11-30,2015-11-04
Emilia-Romagna,2017,2015-12-31,2015-12-22
Emilia-Romagna,2017,2016-01-31,2016-01-19
Emilia-Romagna,2017,2016-02-29,2016-02-01
Emilia-Romagna,2017,2016-03-31,2016-03-25
Emilia-Romagna,2017,2016-04-30,2016-04-04
Emilia-Romagna,2017,2016-05-31,2016-05-06
Emilia-Romagna,2017,2016-06-30,2016-06-08
Emilia-Romagna,2017,2016-07-31,2016-07-12
Emilia-Romagna,2017,2016-08-31,2016-08-04
Emilia-Romagna,2017,2016-09-30,2016-09-29
Emilia-Romagna,2017,2016-10-31,2016-10-17
Emilia-Romagna,2017,2016-11-30,2016-11-17
Emilia-Romagna,2017,2016-12-31,2016-12-06
Emilia-Romagna,2017,2017-01-31,2017-01-12
Emilia-Romagna,2017,2017-02-28,2017-02-02
Emilia-Romagna,2017,2017-03-31,2017-03-06
Emilia-Romagna,2017,2017-04-30,2017-04-04
Emilia-Romagna,2017,2017-05-31,2017-05-18
Emilia-Romagna,2017,2017-06-30,2017-06-05
Emilia-Romagna,2017,2017-07-31,2017-07-06
Emilia-Romagna,2017,2017-08-31,2017-08-02
Emilia-Romagna,2017,2017-09-30,2017-09-06
Emilia-Romagna,2017,2017-10-31,2017-10-03
Emilia-Romagna,2017,2017-11-30,2017-11-22
Emilia-Romagna,2017,2017-12-31,2017-12-20
Emilia-Romagna,604,2015-07-31,2015-07-20
Emilia-Romagna,604,2015-08-31,2015-08-03
Emilia-Romagna,604,2015-09-30,2015-09-30
Emilia-Romagna,604,2015-10-31,2015-10-27
Emilia-Romagna,604,2015-11-30,2015-11-05
Emilia-Romagna,604,2015-12-31,2015-12-21
Emilia-Romagna,604,2016-01-31,2016-01-20
Emilia-Romagna,604,2016-02-29,2016-02-02
Emilia-Romagna,604,2016-03-31,2016-03-21
Emilia-Romagna,604,2016-04-30,2016-04-05
Emilia-Romagna,604,2016-05-31,2016-05-18
Emilia-Romagna,604,2016-06-30,2016-06-07
Emilia-Romagna,604,2016-07-31,2016-07-05
Emilia-Romagna,604,2016-08-31,2016-08-03
Emilia-Romagna,604,2016-09-30,2016-09-26
Emilia-Romagna,604,2016-10-31,2016-10-19
Emilia-Romagna,604,2016-11-30,2016-11-16
Emilia-Romagna,604,2016-12-31,2016-12-07
Emilia-Romagna,604,2017-01-31,2017-01-27
Emilia-Romagna,604,2017-02-28,2017-02-01
Emilia-Romagna,604,2017-03-31,2017-03-10
Emilia-Romagna,604,2017-04-30,2017-04-06
Emilia-Romagna,604,2017-05-31,2017-05-17
Emilia-Romagna,604,2017-06-30,2017-06-07
Emilia-Romagna,604,2017-07-31,2017-07-05
Emilia-Romagna,604,2017-08-31,2017-08-01
Emilia-Romagna,604,2017-09-30,2017-09-05
Emilia-Romagna,604,2017-10-31,2017-10-02
Emilia-Romagna,604,2017-11-30,2017-11-20
Emilia-Romagna,604,2017-12-31,2017-12-18
Emilia-Romagna,614,2015-07-31,2015-07-21
Emilia-Romagna,614,2015-08-31,2015-08-04
Emilia-Romagna,614,2015-09-30,2015-09-30
Emilia-Romagna,614,2015-10-31,2015-10-28
Emilia-Romagna,614,2015-11-30,2015-11-04
Emilia-Romagna,614,2015-12-31,2015-12-22
Emilia-Romagna,614,2016-01-31,2016-01-14
Emilia-Romagna,614,2016-02-29,2016-02-01
Emilia-Romagna,614,2016-03-31,2016-03-25
Emilia-Romagna,614,2016-04-30,2016-04-04
Emilia-Romagna,614,2016-05-31,2016-05-04
Emilia-Romagna,614,2016-06-30,2016-06-08
Emilia-Romagna,614,2016-07-31,2016-07-07
Emilia-Romagna,614,2016-08-31,2016-08-04
Emilia-Romagna,614,2016-09-30,2016-09-29
Emilia-Romagna,614,2016-10-31,2016-10-03
Emilia-Romagna,614,2016-11-30,2016-11-17
Emilia-Romagna,614,2016-12-31,2016-12-06
Emilia-Romagna,614,2017-01-31,2017-01-12
Emilia-Romagna,614,2017-02-28,2017-02-02
Emilia-Romagna,614,2017-03-31,2017-03-06
Emilia-Romagna,614,2017-04-30,2017-04-04
Emilia-Romagna,614,2017-05-31,2017-05-15
Emilia-Romagna,614,2017-06-30,2017-06-05
Emilia-Romagna,614,2017-07-31,2017-07-06
Emilia-Romagna,614,2017-08-31,2017-08-02
Emilia-Romagna,614,2017-09-30,2017-09-06
Emilia-Romagna,614,2017-10-31,2017-10-03
Emilia-Romagna,614,2017-11-30,2017-11-22
Emilia-Romagna,614,2017-12-31,2017-12-19
Emilia-Romagna,617,2015-07-31,2015-07-21
Emilia-Romagna,617,2015-08-31,2015-08-04
Emilia-Romagna,617,2015-09-30,2015-09-30
Emilia-Romagna,617,2015-10-31,2015-10-28
Emilia-Romagna,617,2015-11-30,2015-11-04
Emilia-Romagna,617,2015-12-31,2015-12-22
Emilia-Romagna,617,2016-01-31,2016-01-19
Emilia-Romagna,617,2016-02-29,2016-02-01
Emilia-Romagna,617,2016-03-31,2016-03-25
Emilia-Romagna,617,2016-04-30,2016-04-04
Emilia-Romagna,617,2016-05-31,2016-05-06
Emilia-Romagna,617,2016-06-30,2016-06-08
Emilia-Romagna,617,2016-07-31,2016-07-12
Emilia-Romagna,617,2016-08-31,2016-08-04
Emilia-Romagna,617,2016-09-30,2016-09-29
Emilia-Romagna,617,2016-10-31,2016-10-17
Emilia-Romagna,617,2016-11-30,2016-11-17
Emilia-Romagna,617,2016-12-31,2016-12-06
Emilia-Romagna,617,2017-01-31,2017-01-12
Emilia-Romagna,617,2017-02-28,2017-02-02
Emilia-Romagna,617,2017-03-31,2017-03-06
Emilia-Romagna,617,2017-04-30,2017-04-04
Emilia-Romagna,617,2017-05-31,2017-05-18
Emilia-Romagna,617,2017-06-30,2017-06-05
Emilia-Romagna,617,2017-07-31,2017-07-06
Emilia-Romagna,617,2017-08-31,2017-08-02
Emilia-Romagna,617,2017-09-30,2017-09-06
Emilia-Romagna,617,2017-10-31,2017-10-03
Emilia-Romagna,617,2017-11-30,2017-11-22
Emilia-Romagna,617,2017-12-31,2017-12-20
Friuli-Venezia-Giulia,ITA06SMLG1,2015-07-31,2015-07-21
Friuli-Venezia-Giulia,ITA06SMLG1,2015-09-30,2015-09-11
Friuli-Venezia-Giulia,ITA06SMLG1,2015-11-30,2015-11-25
Friuli-Venezia-Giulia,ITA06SMLG1,2016-01-31,2016-01-20
Friuli-Venezia-Giulia,ITA06SMLG1,2016-03-31,2016-03-18
Friuli-Venezia-Giulia,ITA06SMLG1,2016-05-31,2016-05-16
Friuli-Venezia-Giulia,ITA06SMLG1,2016-07-31,2016-07-19
Friuli-Venezia-Giulia,ITA06SMLG1,2016-09-30,2016-09-08
Friuli-Venezia-Giulia,ITA06SMLG1,2016-11-30,2016-11-23
Friuli-Venezia-Giulia,ITA06SMLG1,2017-01-31,2017-01-09
Friuli-Venezia-Giulia,ITA06SMLG1,2017-03-31,2017-03-02
Friuli-Venezia-Giulia,ITA06SMLG1,2017-05-31,2017-05-03
Friuli-Venezia-Giulia,ITA06SMLG1,2017-07-31,2017-07-04
Friuli-Venezia-Giulia,ITA06SMLG1,2017-09-30,2017-09-13
Friuli-Venezia-Giulia,ITA06SMLG1,2017-11-30,2017-11-20
Friuli-Venezia-Giulia,ITA06SMLG2,2015-07-31,2015-07-21
Friuli-Venezia-Giulia,ITA06SMLG2,2015-09-30,2015-09-11
Friuli-Venezia-Giulia,ITA06SMLG2,2015-11-30,2015-11-25
Friuli-Venezia-Giulia,ITA06SMLG2,2016-01-31,2016-01-20
Friuli-Venezia-Giulia,ITA06SMLG2,2016-03-31,2016-03-18
Friuli-Venezia-Giulia,ITA06SMLG2,2016-05-31,2016-05-16
Friuli-Venezia-Giulia,ITA06SMLG2,2016-07-31,2016-07-19
Friuli-Venezia-Giulia,ITA06SMLG2,2016-09-30,2016-09-08
Friuli-Venezia-Giulia,ITA06SMLG2,2016-11-30,2016-11-23
Friuli-Venezia-Giulia,ITA06SMLG2,2017-01-31,2017-01-09
Friuli-Venezia-Giulia,ITA06SMLG2,2017-03-31,2017-03-02
Friuli-Venezia-Giulia,ITA06SMLG2,2017-05-31,2017-05-03
Friuli-Venezia-Giulia,ITA06SMLG2,2017-07-31,2017-07-04
Friuli-Venezia-Giulia,ITA06SMLG2,2017-09-30,2017-09-13
Friuli-Venezia-Giulia,ITA06SMLG2,2017-11-30,2017-11-20
Friuli-Venezia-Giulia,ITA06SMLG3,2015-07-31,2015-07-21
Friuli-Venezia-Giulia,ITA06SMLG3,2015-09-30,2015-09-11
Friuli-Venezia-Giulia,ITA06SMLG3,2015-11-30,2015-11-25
Friuli-Venezia-Giulia,ITA06SMLG3,2016-01-31,2016-01-20
Friuli-Venezia-Giulia,ITA06SMLG3,2016-03-31,2016-03-18
Friuli-Venezia-Giulia,ITA06SMLG3,2016-05-31,2016-05-16
Friuli-Venezia-Giulia,ITA06SMLG3,2016-07-31,2016-07-19
Friuli-Venezia-Giulia,ITA06SMLG3,2016-09-30,2016-09-08
Friuli-Venezia-Giulia,ITA06SMLG3,2016-11-30,2016-11-23
Friuli-Venezia-Giulia,ITA06SMLG3,2017-01-31,2017-01-09
Friuli-Venezia-Giulia,ITA06SMLG3,2017-03-31,2017-03-02
Friuli-Venezia-Giulia,ITA06SMLG3,2017-05-31,2017-05-03
Friuli-Venezia-Giulia,ITA06SMLG3,2017-07-31,2017-07-04
Friuli-Venezia-Giulia,ITA06SMLG3,2017-09-30,2017-09-13
Friuli-Venezia-Giulia,ITA06SMLG3,2017-11-30,2017-11-20
Friuli-Venezia-Giulia,ITA06SMTS1,2015-07-31,2015-07-22
Friuli-Venezia-Giulia,ITA06SMTS1,2015-09-30,2015-09-25
Friuli-Venezia-Giulia,ITA06SMTS1,2015-11-30,2015-11-05
Friuli-Venezia-Giulia,ITA06SMTS1,2016-01-31,2016-01-08
Friuli-Venezia-Giulia,ITA06SMTS1,2016-03-31,2016-03-11
Friuli-Venezia-Giulia,ITA06SMTS1,2016-05-31,2016-05-04
Friuli-Venezia-Giulia,ITA06SMTS1,2016-07-31,2016-07-20
Friuli-Venezia-Giulia,ITA06SMTS1,2016-09-30,2016-09-15
Friuli-Venezia-Giulia,ITA06SMTS1,2016-11-30,2016-11-24
Friuli-Venezia-Giulia,ITA06SMTS1,2017-01-31,2017-01-12
Friuli-Venezia-Giulia,ITA06SMTS1,2017-03-31,2017-03-08
Friuli-Venezia-Giulia,ITA06SMTS1,2017-05-31,2017-05-11
Friuli-Venezia-Giulia,ITA06SMTS1,2017-07-31,2017-07-06
Friuli-Venezia-Giulia,ITA06SMTS1,2017-09-30,2017-09-28
Friuli-Venezia-Giulia,ITA06SMTS1,2017-11-30,2017-11-22
Friuli-Venezia-Giulia,ITA06SMTS2,2015-07-31,2015-07-22
Friuli-Venezia-Giulia,ITA06SMTS2,2015-09-30,2015-09-25
Friuli-Venezia-Giulia,ITA06SMTS2,2015-11-30,2015-11-05
Friuli-Venezia-Giulia,ITA06SMTS2,2016-01-31,2016-01-08
Friuli-Venezia-Giulia,ITA06SMTS2,2016-03-31,2016-03-11
Friuli-Venezia-Giulia,ITA06SMTS2,2016-05-31,2016-05-04
Friuli-Venezia-Giulia,ITA06SMTS2,2016-07-31,2016-07-20
Friuli-Venezia-Giulia,ITA06SMTS2,2016-09-30,2016-09-15
Friuli-Venezia-Giulia,ITA06SMTS2,2016-11-30,2016-11-24
Friuli-Venezia-Giulia,ITA06SMTS2,2017-01-31,2017-01-12
Friuli-Venezia-Giulia,ITA06SMTS2,2017-03-31,2017-03-08
Friuli-Venezia-Giulia,ITA06SMTS2,2017-05-31,2017-05-11
Friuli-Venezia-Giulia,ITA06SMTS2,2017-07-31,2017-07-06
Friuli-Venezia-Giulia,ITA06SMTS2,2017-09-30,2017-09-28
Friuli-Venezia-Giulia,ITA06SMTS2,2017-11-30,2017-11-22
Friuli-Venezia-Giulia,ITA06SMTS3,2015-07-31,2015-07-22
Friuli-Venezia-Giulia,ITA06SMTS3,2015-09-30,2015-09-25
Friuli-Venezia-Giulia,ITA06SMTS3,2015-11-30,2015-11-05
Friuli-Venezia-Giulia,ITA06SMTS3,2016-01-31,2016-01-08
Friuli-Venezia-Giulia,ITA06SMTS3,2016-03-31,2016-03-11
Friuli-Venezia-Giulia,ITA06SMTS3,2016-05-31,2016-05-04
Friuli-Venezia-Giulia,ITA06SMTS3,2016-07-31,2016-07-20
Friuli-Venezia-Giulia,ITA06SMTS3,2016-09-30,2016-09-15
Friuli-Venezia-Giulia,ITA06SMTS3,2016-11-30,2016-11-24
Friuli-Venezia-Giulia,ITA06SMTS3,2017-01-31,2017-01-12
Friuli-Venezia-Giulia,ITA06SMTS3,2017-03-31,2017-03-08
Friuli-Venezia-Giulia,ITA06SMTS3,2017-05-31,2017-05-11
Friuli-Venezia-Giulia,ITA06SMTS3,2017-07-31,2017-07-06
Friuli-Venezia-Giulia,ITA06SMTS3,2017-09-30,2017-09-28
Friuli-Venezia-Giulia,ITA06SMTS3,2017-11-30,2017-11-22
Lazio,IT_m1lt01_12,2015-11-30,2015-11-04
Lazio,IT_m1lt01_12,2015-12-31,2015-12-03
Lazio,IT_m1lt01_12,2016-03-31,2016-03-10
Lazio,IT_m1lt01_12,2016-05-31,2016-05-31
Lazio,IT_m1lt01_12,2016-05-31,2016-05-31
Lazio,IT_m1lt01_12,2016-07-31,2016-07-28
Lazio,IT_m1lt01_12,2016-09-30,2016-09-13
Lazio,IT_m1lt01_12,2016-11-30,2016-11-28
Lazio,IT_m1lt01_12,2017-01-31,2017-01-31
Lazio,IT_m1lt01_12,2017-03-31,2017-03-16
Lazio,IT_m1lt01_12,2017-05-31,2017-05-17
Lazio,IT_m1lt01_12,2017-07-31,2017-07-19
Lazio,IT_m1lt01_12,2017-09-30,2017-09-25
Lazio,IT_m1lt01_3,2015-11-30,2015-11-04
Lazio,IT_m1lt01_3,2015-12-31,2015-12-03
Lazio,IT_m1lt01_3,2016-03-31,2016-03-10
Lazio,IT_m1lt01_3,2016-05-31,2016-05-31
Lazio,IT_m1lt01_3,2016-07-31,2016-07-28
Lazio,IT_m1lt01_3,2016-09-30,2016-09-13
Lazio,IT_m1lt01_3,2016-11-30,2016-11-28
Lazio,IT_m1lt01_3,2017-01-31,2017-01-31
Lazio,IT_m1lt01_3,2017-03-31,2017-03-16
Lazio,IT_m1lt01_3,2017-05-31,2017-05-17
Lazio,IT_m1lt01_3,2017-07-31,2017-07-19
Lazio,IT_m1lt01_3,2017-09-30,2017-09-25
Lazio,IT_m1lt01_6,2015-11-30,2015-11-04
Lazio,IT_m1lt01_6,2015-12-31,2015-12-03
Lazio,IT_m1lt01_6,2016-03-31,2016-03-10
Lazio,IT_m1lt01_6,2016-05-31,2016-05-31
Lazio,IT_m1lt01_6,2016-07-31,2016-07-28
Lazio,IT_m1lt01_6,2016-09-30,2016-09-13
Lazio,IT_m1lt01_6,2016-11-30,2016-11-28
Lazio,IT_m1lt01_6,2017-01-31,2017-01-31
Lazio,IT_m1lt01_6,2017-03-31,2017-03-16
Lazio,IT_m1lt01_6,2017-05-31,2017-05-17
Lazio,IT_m1lt01_6,2017-07-31,2017-07-19
Lazio,IT_m1lt01_6,2017-09-30,2017-09-25
Lazio,IT_m1lt02_12,2015-08-31,2015-08-05
Lazio,IT_m1lt02_12,2015-11-30,2015-11-03
Lazio,IT_m1lt02_12,2015-12-31,2015-12-04
Lazio,IT_m1lt02_12,2016-03-31,2016-03-14
Lazio,IT_m1lt02_12,2016-05-31,2016-05-27
Lazio,IT_m1lt02_12,2016-07-31,2016-07-20
Lazio,IT_m1lt02_12,2016-09-30,2016-09-29
Lazio,IT_m1lt02_12,2017-01-31,2017-01-30
Lazio,IT_m1lt02_12,2017-03-31,2017-03-17
Lazio,IT_m1lt02_12,2017-05-31,2017-05-10
Lazio,IT_m1lt02_12,2017-07-31,2017-07-12
Lazio,IT_m1lt02_12,2017-09-30,2017-09-21
Lazio,IT_m1lt02_3,2015-08-31,2015-08-05
Lazio,IT_m1lt02_3,2015-11-30,2015-11-03
Lazio,IT_m1lt02_3,2015-12-31,2015-12-04
Lazio,IT_m1lt02_3,2016-03-31,2016-03-14
Lazio,IT_m1lt02_3,2016-05-31,2016-05-27
Lazio,IT_m1lt02_3,2016-07-31,2016-07-20
Lazio,IT_m1lt02_3,2016-09-30,2016-09-29
Lazio,IT_m1lt02_3,2017-01-31,2017-01-30
Lazio,IT_m1lt02_3,2017-03-31,2017-03-17
Lazio,IT_m1lt02_3,2017-05-31,2017-05-10
Lazio,IT_m1lt02_3,2017-07-31,2017-07-12
Lazio,IT_m1lt02_3,2017-09-30,2017-09-21
Lazio,IT_m1lt02_6,2015-08-31,2015-08-05
Lazio,IT_m1lt02_6,2015-11-30,2015-11-03
Lazio,IT_m1lt02_6,2015-12-31,2015-12-04
Lazio,IT_m1lt02_6,2016-03-31,2016-03-14
Lazio,IT_m1lt02_6,2016-05-31,2016-05-27
Lazio,IT_m1lt02_6,2016-07-31,2016-07-20
Lazio,IT_m1lt02_6,2016-09-30,2016-09-29
Lazio,IT_m1lt02_6,2017-01-31,2017-01-30
Lazio,IT_m1lt02_6,2017-03-31,2017-03-17
Lazio,IT_m1lt02_6,2017-05-31,2017-05-10
Lazio,IT_m1lt02_6,2017-07-31,2017-07-12
Lazio,IT_m1lt02_6,2017-09-30,2017-09-21
Lazio,IT_m1rm03_12,2015-10-31,2015-10-30
Lazio,IT_m1rm03_12,2015-12-31,2015-12-17
Lazio,IT_m1rm03_12,2016-04-30,2016-04-21
Lazio,IT_m1rm03_12,2016-06-30,2016-06-20
Lazio,IT_m1rm03_12,2016-07-31,2016-07-12
Lazio,IT_m1rm03_12,2016-10-31,2016-10-11
Lazio,IT_m1rm03_12,2017-02-28,2017-02-17
Lazio,IT_m1rm03_12,2017-03-31,2017-03-22
Lazio,IT_m1rm03_12,2017-05-31,2017-05-30
Lazio,IT_m1rm03_12,2017-08-31,2017-08-24
Lazio,IT_m1rm03_12,2017-09-30,2017-09-26
Lazio,IT_m1rm03_3,2015-10-31,2015-10-30
Lazio,IT_m1rm03_3,2015-12-31,2015-12-17
Lazio,IT_m1rm03_3,2016-04-30,2016-04-21
Lazio,IT_m1rm03_3,2016-06-30,2016-06-20
Lazio,IT_m1rm03_3,2016-07-31,2016-07-12
Lazio,IT_m1rm03_3,2016-10-31,2016-10-11
Lazio,IT_m1rm03_3,2017-02-28,2017-02-17
Lazio,IT_m1rm03_3,2017-03-31,2017-03-22
Lazio,IT_m1rm03_3,2017-05-31,2017-05-30
Lazio,IT_m1rm03_3,2017-08-31,2017-08-24
Lazio,IT_m1rm03_3,2017-09-30,2017-09-26
Lazio,IT_m1rm03_6,2015-10-31,2015-10-30
Lazio,IT_m1rm03_6,2015-12-31,2015-12-17
Lazio,IT_m1rm03_6,2016-04-30,2016-04-21
Lazio,IT_m1rm03_6,2016-06-30,2016-06-20
Lazio,IT_m1rm03_6,2016-07-31,2016-07-12
Lazio,IT_m1rm03_6,2016-10-31,2016-10-11
Lazio,IT_m1rm03_6,2017-02-28,2017-02-17
Lazio,IT_m1rm03_6,2017-03-31,2017-03-22
Lazio,IT_m1rm03_6,2017-05-31,2017-05-30
Lazio,IT_m1rm03_6,2017-08-31,2017-08-24
Lazio,IT_m1rm03_6,2017-09-30,2017-09-26
Lazio,IT_m1vt04_12,2015-08-31,2015-08-12
Lazio,IT_m1vt04_12,2015-11-30,2015-11-06
Lazio,IT_m1vt04_12,2015-12-31,2015-12-03
Lazio,IT_m1vt04_12,2016-01-31,2016-01-25
Lazio,IT_m1vt04_12,2016-03-31,2016-03-18
Lazio,IT_m1vt04_12,2016-07-31,2016-07-22
Lazio,IT_m1vt04_12,2016-08-31,2016-08-26
Lazio,IT_m1vt04_12,2016-09-30,2016-09-26
Lazio,IT_m1vt04_12,2017-02-28,2017-02-17
Lazio,IT_m1vt04_12,2017-03-31,2017-03-16
Lazio,IT_m1vt04_12,2017-05-31,2017-05-18
Lazio,IT_m1vt04_12,2017-08-31,2017-08-02
Lazio,IT_m1vt04_12,2017-09-30,2017-09-22
Lazio,IT_m1vt04_3,2015-08-31,2015-08-12
Lazio,IT_m1vt04_3,2015-11-30,2015-11-06
Lazio,IT_m1vt04_3,2015-12-31,2015-12-03
Lazio,IT_m1vt04_3,2016-01-31,2016-01-25
Lazio,IT_m1vt04_3,2016-03-31,2016-03-18
Lazio,IT_m1vt04_3,2016-07-31,2016-07-22
Lazio,IT_m1vt04_3,2016-08-31,2016-08-26
Lazio,IT_m1vt04_3,2016-09-30,2016-09-26
Lazio,IT_m1vt04_3,2017-02-28,2017-02-17
Lazio,IT_m1vt04_3,2017-03-31,2017-03-16
Lazio,IT_m1vt04_3,2017-05-31,2017-05-18
Lazio,IT_m1vt04_3,2017-08-31,2017-08-02
Lazio,IT_m1vt04_3,2017-09-30,2017-09-22
Lazio,IT_m1vt04_6,2015-08-31,2015-08-12
Lazio,IT_m1vt04_6,2015-11-30,2015-11-06
Lazio,IT_m1vt04_6,2015-12-31,2015-12-03
Lazio,IT_m1vt04_6,2016-01-31,2016-01-25
Lazio,IT_m1vt04_6,2016-03-31,2016-03-18
Lazio,IT_m1vt04_6,2016-07-31,2016-07-22
Lazio,IT_m1vt04_6,2016-08-31,2016-08-26
Lazio,IT_m1vt04_6,2016-09-30,2016-09-26
Lazio,IT_m1vt04_6,2017-02-28,2017-02-17
Lazio,IT_m1vt04_6,2017-03-31,2017-03-16
Lazio,IT_m1vt04_6,2017-05-31,2017-05-18
Lazio,IT_m1vt04_6,2017-08-31,2017-08-02
Lazio,IT_m1vt04_6,2017-09-30,2017-09-22
Liguria,MES030,2015-08-31,2015-08-05
Liguria,MES030,2015-09-30,2015-09-09
Liguria,MES030,2015-11-30,2015-11-10
Liguria,MES030,2016-01-31,2016-01-18
Liguria,MES030,2016-03-31,2016-03-23
Liguria,MES030,2016-05-31,2016-05-10
Liguria,MES030,2016-07-31,2016-07-27
Liguria,MES030,2016-09-30,2016-09-13
Liguria,MES030,2016-12-31,2016-12-12
Liguria,MES030,2017-02-28,2017-02-20
Liguria,MES030,2017-03-31,2017-03-28
Liguria,MES030,2017-05-31,2017-05-22
Liguria,MES030,2017-07-31,2017-07-18
Liguria,MES030,2017-09-30,2017-09-27
Liguria,MES030,2017-12-31,2017-12-05
Liguria,MES060,2015-08-31,2015-08-05
Liguria,MES060,2015-09-30,2015-09-09
Liguria,MES060,2015-11-30,2015-11-10
Liguria,MES060,2016-01-31,2016-01-18
Liguria,MES060,2016-03-31,2016-03-23
Liguria,MES060,2016-05-31,2016-05-10
Liguria,MES060,2016-07-31,2016-07-27
Liguria,MES060,2016-09-30,2016-09-13
Liguria,MES060,2016-12-31,2016-12-12
Liguria,MES060,2017-02-28,2017-02-20
Liguria,MES060,2017-03-31,2017-03-28
Liguria,MES060,2017-05-31,2017-05-22
Liguria,MES060,2017-07-31,2017-07-18
Liguria,MES060,2017-09-30,2017-09-27
Liguria,MES060,2017-12-31,2017-12-05
Liguria,MES120,2015-08-31,2015-08-05
Liguria,MES120,2015-09-30,2015-09-09
Liguria,MES120,2015-11-30,2015-11-10
Liguria,MES120,2016-01-31,2016-01-18
Liguria,MES120,2016-03-31,2016-03-23
Liguria,MES120,2016-05-31,2016-05-10
Liguria,MES120,2016-07-31,2016-07-27
Liguria,MES120,2016-09-30,2016-09-13
Liguria,MES120,2016-12-31,2016-12-12
Liguria,MES120,2017-02-28,2017-02-20
Liguria,MES120,2017-03-31,2017-03-28
Liguria,MES120,2017-05-31,2017-05-22
Liguria,MES120,2017-07-31,2017-07-18
Liguria,MES120,2017-09-30,2017-09-27
Liguria,MES120,2017-12-31,2017-12-05
Liguria,ORO030,2015-08-31,2015-08-05
Liguria,ORO030,2015-09-30,2015-09-10
Liguria,ORO030,2015-11-30,2015-11-09
Liguria,ORO030,2016-01-31,2016-01-19
Liguria,ORO030,2016-03-31,2016-03-21
Liguria,ORO030,2016-05-31,2016-05-09
Liguria,ORO030,2016-07-31,2016-07-27
Liguria,ORO030,2016-09-30,2016-09-12
Liguria,ORO030,2016-12-31,2016-12-07
Liguria,ORO030,2017-02-28,2017-02-15
Liguria,ORO030,2017-03-31,2017-03-29
Liguria,ORO030,2017-05-31,2017-05-25
Liguria,ORO030,2017-07-31,2017-07-17
Liguria,ORO030,2017-09-30,2017-09-26
Liguria,ORO030,2017-12-31,2017-12-04
Liguria,ORO060,2015-08-31,2015-08-05
Liguria,ORO060,2015-09-30,2015-09-10
Liguria,ORO060,2015-11-30,2015-11-09
Liguria,ORO060,2016-01-31,2016-01-19
Liguria,ORO060,2016-03-31,2016-03-21
Liguria,ORO060,2016-05-31,2016-05-09
Liguria,ORO060,2016-07-31,2016-07-27
Liguria,ORO060,2016-09-30,2016-09-12
Liguria,ORO060,2016-12-31,2016-12-07
Liguria,ORO060,2017-02-28,2017-02-15
Liguria,ORO060,2017-03-31,2017-03-29
Liguria,ORO060,2017-05-31,2017-05-25
Liguria,ORO060,2017-07-31,2017-07-17
Liguria,ORO060,2017-09-30,2017-09-26
Liguria,ORO060,2017-12-31,2017-12-04
Liguria,ORO120,2015-08-31,2015-08-05
Liguria,ORO120,2015-09-30,2015-09-10
Liguria,ORO120,2015-11-30,2015-11-09
Liguria,ORO120,2016-01-31,2016-01-19
Liguria,ORO120,2016-03-31,2016-03-21
Liguria,ORO120,2016-05-31,2016-05-09
Liguria,ORO120,2016-07-31,2016-07-27
Liguria,ORO120,2016-09-30,2016-09-12
Liguria,ORO120,2016-12-31,2016-12-07
Liguria,ORO120,2017-02-28,2017-02-15
Liguria,ORO120,2017-03-31,2017-03-29
Liguria,ORO120,2017-05-31,2017-05-25
Liguria,ORO120,2017-07-31,2017-07-17
Liguria,ORO120,2017-09-30,2017-09-26
Liguria,ORO120,2017-12-31,2017-12-04
Liguria,VAD030,2015-08-31,2015-08-04
Liguria,VAD030,2015-10-31,2015-10-08
Liguria,VAD030,2015-11-30,2015-11-18
Liguria,VAD030,2016-01-31,2016-01-21
Liguria,VAD030,2016-04-30,2016-04-04
Liguria,VAD030,2016-05-31,2016-05-17
Liguria,VAD030,2016-07-31,2016-07-20
Liguria,VAD030,2016-09-30,2016-09-16
Liguria,VAD030,2016-12-31,2016-12-14
Liguria,VAD030,2017-02-28,2017-02-21
Liguria,VAD030,2017-04-30,2017-04-04
Liguria,VAD030,2017-05-31,2017-05-29
Liguria,VAD030,2017-07-31,2017-07-20
Liguria,VAD030,2017-09-30,2017-09-21
Liguria,VAD030,2017-11-30,2017-11-23
Liguria,VAD060,2015-08-31,2015-08-04
Liguria,VAD060,2015-10-31,2015-10-08
Liguria,VAD060,2015-11-30,2015-11-18
Liguria,VAD060,2016-01-31,2016-01-21
Liguria,VAD060,2016-04-30,2016-04-04
Liguria,VAD060,2016-05-31,2016-05-17
Liguria,VAD060,2016-07-31,2016-07-20
Liguria,VAD060,2016-09-30,2016-09-20
Liguria,VAD060,2016-12-31,2016-12-14
Liguria,VAD060,2017-02-28,2017-02-21
Liguria,VAD060,2017-04-30,2017-04-04
Liguria,VAD060,2017-05-31,2017-05-29
Liguria,VAD060,2017-07-31,2017-07-20
Liguria,VAD060,2017-09-30,2017-09-21
Liguria,VAD060,2017-11-30,2017-11-23
Liguria,VAD120,2015-08-31,2015-08-04
Liguria,VAD120,2015-10-31,2015-10-08
Liguria,VAD120,2015-11-30,2015-11-18
Liguria,VAD120,2016-01-31,2016-01-21
Liguria,VAD120,2016-04-30,2016-04-04
Liguria,VAD120,2016-05-31,2016-05-17
Liguria,VAD120,2016-07-31,2016-07-20
Liguria,VAD120,2016-09-30,2016-09-20
Liguria,VAD120,2016-12-31,2016-12-14
Liguria,VAD120,2017-02-28,2017-02-21
Liguria,VAD120,2017-04-30,2017-04-04
Liguria,VAD120,2017-05-31,2017-05-29
Liguria,VAD120,2017-07-31,2017-07-20
Liguria,VAD120,2017-09-30,2017-09-21
Liguria,VAD120,2017-11-30,2017-11-23
Liguria,VOL030,2015-08-31,2015-08-04
Liguria,VOL030,2015-10-31,2015-10-12
Liguria,VOL030,2015-11-30,2015-11-19
Liguria,VOL030,2016-01-31,2016-01-20
Liguria,VOL030,2016-03-31,2016-03-15
Liguria,VOL030,2016-05-31,2016-05-16
Liguria,VOL030,2016-07-31,2016-07-20
Liguria,VOL030,2016-09-30,2016-09-26
Liguria,VOL030,2016-12-31,2016-12-13
Liguria,VOL030,2017-02-28,2017-02-16
Liguria,VOL030,2017-03-31,2017-03-30
Liguria,VOL030,2017-05-31,2017-05-23
Liguria,VOL030,2017-07-31,2017-07-20
Liguria,VOL030,2017-09-30,2017-09-19
Liguria,VOL030,2017-11-30,2017-11-23
Liguria,VOL060,2015-08-31,2015-08-04
Liguria,VOL060,2015-10-31,2015-10-12
Liguria,VOL060,2015-11-30,2015-11-19
Liguria,VOL060,2016-01-31,2016-01-20
Liguria,VOL060,2016-03-31,2016-03-15
Liguria,VOL060,2016-05-31,2016-05-16
Liguria,VOL060,2016-07-31,2016-07-20
Liguria,VOL060,2016-09-30,2016-09-26
Liguria,VOL060,2016-12-31,2016-12-13
Liguria,VOL060,2017-02-28,2017-02-16
Liguria,VOL060,2017-03-31,2017-03-30
Liguria,VOL060,2017-05-31,2017-05-23
Liguria,VOL060,2017-07-31,2017-07-20
Liguria,VOL060,2017-09-30,2017-09-19
Liguria,VOL060,2017-11-30,2017-11-23
Liguria,VOL120,2015-08-31,2015-08-04
Liguria,VOL120,2015-10-31,2015-10-12
Liguria,VOL120,2015-11-30,2015-11-19
Liguria,VOL120,2016-01-31,2016-01-20
Liguria,VOL120,2016-03-31,2016-03-15
Liguria,VOL120,2016-05-31,2016-05-16
Liguria,VOL120,2016-07-31,2016-07-20
Liguria,VOL120,2016-09-30,2016-09-26
Liguria,VOL120,2016-12-31,2016-12-13
Liguria,VOL120,2017-02-28,2017-02-16
Liguria,VOL120,2017-03-31,2017-03-30
Liguria,VOL120,2017-05-31,2017-05-23
Liguria,VOL120,2017-07-31,2017-07-20
Liguria,VOL120,2017-09-30,2017-09-19
Liguria,VOL120,2017-11-30,2017-11-23
Marche,1E_MS_CH_12,2015-07-31,2015-07-30
Marche,1E_MS_CH_12,2015-09-30,2015-09-02
Marche,1E_MS_CH_12,2015-12-31,2015-12-15
Marche,1E_MS_CH_12,2016-01-31,2016-01-20
Marche,1E_MS_CH_12,2016-02-29,2016-02-27
Marche,1E_MS_CH_12,2016-03-31,2016-03-21
Marche,1E_MS_CH_12,2016-04-30,2016-04-07
Marche,1E_MS_CH_12,2016-05-31,2016-05-26
Marche,1E_MS_CH_12,2016-06-30,2016-06-01
Marche,1E_MS_CH_12,2016-07-31,2016-07-07
Marche,1E_MS_CH_12,2016-08-31,2016-08-30
Marche,1E_MS_CH_12,2016-11-30,2016-11-17
Marche,1E_MS_CH_12,2016-12-31,2016-12-18
Marche,1E_MS_CH_12,2017-03-31,2017-03-30
Marche,1E_MS_CH_12,2017-04-30,2017-04-30
Marche,1E_MS_CH_12,2017-05-31,2017-05-18
Marche,1E_MS_CH_12,2017-07-31,2017-07-27
Marche,1E_MS_CH_12,2017-09-30,2017-09-14
Marche,1E_MS_CH_12,2017-10-31,2017-10-22
Marche,1E_MS_CH_12,2017-11-30,2017-11-21
Marche,1E_MS_CH_12,2017-12-31,2017-12-07
Marche,1E_MS_CH_3,2015-07-31,2015-07-30
Marche,1E_MS_CH_3,2015-09-30,2015-09-02
Marche,1E_MS_CH_3,2015-12-31,2015-12-15
Marche,1E_MS_CH_3,2016-01-31,2016-01-20
Marche,1E_MS_CH_3,2016-02-29,2016-02-27
Marche,1E_MS_CH_3,2016-03-31,2016-03-21
Marche,1E_MS_CH_3,2016-04-30,2016-04-07
Marche,1E_MS_CH_3,2016-05-31,2016-05-26
Marche,1E_MS_CH_3,2016-06-30,2016-06-01
Marche,1E_MS_CH_3,2016-07-31,2016-07-07
Marche,1E_MS_CH_3,2016-08-31,2016-08-30
Marche,1E_MS_CH_3,2016-11-30,2016-11-17
Marche,1E_MS_CH_3,2016-12-31,2016-12-18
Marche,1E_MS_CH_3,2017-03-31,2017-03-30
Marche,1E_MS_CH_3,2017-04-30,2017-04-30
Marche,1E_MS_CH_3,2017-05-31,2017-05-18
Marche,1E_MS_CH_3,2017-07-31,2017-07-27
Marche,1E_MS_CH_3,2017-09-30,2017-09-14
Marche,1E_MS_CH_3,2017-10-31,2017-10-22
Marche,1E_MS_CH_3,2017-11-30,2017-11-21
Marche,1E_MS_CH_3,2017-12-31,2017-12-07
Marche,1E_MS_CH_6,2015-07-31,2015-07-30
Marche,1E_MS_CH_6,2015-09-30,2015-09-02
Marche,1E_MS_CH_6,2015-12-31,2015-12-15
Marche,1E_MS_CH_6,2016-01-31,2016-01-20
Marche,1E_MS_CH_6,2016-02-29,2016-02-27
Marche,1E_MS_CH_6,2016-03-31,2016-03-21
Marche,1E_MS_CH_6,2016-04-30,2016-04-07
Marche,1E_MS_CH_6,2016-05-31,2016-05-26
Marche,1E_MS_CH_6,2016-06-30,2016-06-01
Marche,1E_MS_CH_6,2016-07-31,2016-07-07
Marche,1E_MS_CH_6,2016-08-31,2016-08-30
Marche,1E_MS_CH_6,2016-11-30,2016-11-17
Marche,1E_MS_CH_6,2016-12-31,2016-12-18
Marche,1E_MS_CH_6,2017-03-31,2017-03-30
Marche,1E_MS_CH_6,2017-04-30,2017-04-30
Marche,1E_MS_CH_6,2017-05-31,2017-05-18
Marche,1E_MS_CH_6,2017-07-31,2017-07-27
Marche,1E_MS_CH_6,2017-09-30,2017-09-14
Marche,1E_MS_CH_6,2017-10-31,2017-10-22
Marche,1E_MS_CH_6,2017-11-30,2017-11-21
Marche,1E_MS_CH_6,2017-12-31,2017-12-07
Marche,1E_MS_ES_12,2015-07-31,2015-07-29
Marche,1E_MS_ES_12,2015-09-30,2015-09-03
Marche,1E_MS_ES_12,2015-12-31,2015-12-14
Marche,1E_MS_ES_12,2016-01-31,2016-01-19
Marche,1E_MS_ES_12,2016-02-29,2016-02-27
Marche,1E_MS_ES_12,2016-03-31,2016-03-21
Marche,1E_MS_ES_12,2016-04-30,2016-04-06
Marche,1E_MS_ES_12,2016-05-31,2016-05-09
Marche,1E_MS_ES_12,2016-06-30,2016-06-14
Marche,1E_MS_ES_12,2016-07-31,2016-07-06
Marche,1E_MS_ES_12,2016-08-31,2016-08-29
Marche,1E_MS_ES_12,2016-11-30,2016-11-16
Marche,1E_MS_ES_12,2016-12-31,2016-12-01
Marche,1E_MS_ES_12,2016-12-31,2016-12-18
Marche,1E_MS_ES_12,2017-03-31,2017-03-30
Marche,1E_MS_ES_12,2017-04-30,2017-04-30
Marche,1E_MS_ES_12,2017-05-31,2017-05-18
Marche,1E_MS_ES_12,2017-07-31,2017-07-27
Marche,1E_MS_ES_12,2017-09-30,2017-09-13
Marche,1E_MS_ES_12,2017-10-31,2017-10-21
Marche,1E_MS_ES_12,2017-11-30,2017-11-09
Marche,1E_MS_ES_12,2017-12-31,2017-12-07
Marche,1E_MS_ES_3,2015-07-31,2015-07-29
Marche,1E_MS_ES_3,2015-09-30,2015-09-03
Marche,1E_MS_ES_3,2015-12-31,2015-12-14
Marche,1E_MS_ES_3,2016-01-31,2016-01-19
Marche,1E_MS_ES_3,2016-02-29,2016-02-27
Marche,1E_MS_ES_3,2016-03-31,2016-03-21
Marche,1E_MS_ES_3,2016-04-30,2016-04-06
Marche,1E_MS_ES_3,2016-05-31,2016-05-09
Marche,1E_MS_ES_3,2016-06-30,2016-06-14
Marche,1E_MS_ES_3,2016-07-31,2016-07-06
Marche,1E_MS_ES_3,2016-08-31,2016-08-29
Marche,1E_MS_ES_3,2016-11-30,2016-11-16
Marche,1E_MS_ES_3,2016-12-31,2016-12-01
Marche,1E_MS_ES_3,2016-12-31,2016-12-18
Marche,1E_MS_ES_3,2017-03-31,2017-03-30
Marche,1E_MS_ES_3,2017-04-30,2017-04-30
Marche,1E_MS_ES_3,2017-05-31,2017-05-18
Marche,1E_MS_ES_3,2017-07-31,2017-07-27
Marche,1E_MS_ES_3,2017-09-30,2017-09-13
Marche,1E_MS_ES_3,2017-10-31,2017-10-21
Marche,1E_MS_ES_3,2017-11-30,2017-11-09
Marche,1E_MS_ES_3,2017-12-31,2017-12-07
Marche,1E_MS_ES_6,2015-07-31,2015-07-29
Marche,1E_MS_ES_6,2015-09-30,2015-09-03
Marche,1E_MS_ES_6,2015-12-31,2015-12-14
Marche,1E_MS_ES_6,2016-01-31,2016-01-19
Marche,1E_MS_ES_6,2016-02-29,2016-02-27
Marche,1E_MS_ES_6,2016-03-31,2016-03-21
Marche,1E_MS_ES_6,2016-04-30,2016-04-06
Marche,1E_MS_ES_6,2016-05-31,2016-05-09
Marche,1E_MS_ES_6,2016-06-30,2016-06-14
Marche,1E_MS_ES_6,2016-07-31,2016-07-06
Marche,1E_MS_ES_6,2016-08-31,2016-08-29
Marche,1E_MS_ES_6,2016-11-30,2016-11-16
Marche,1E_MS_ES_6,2016-12-31,2016-12-01
Marche,1E_MS_ES_6,2016-12-31,2016-12-18
Marche,1E_MS_ES_6,2017-03-31,2017-03-30
Marche,1E_MS_ES_6,2017-04-30,2017-04-30
Marche,1E_MS_ES_6,2017-05-31,2017-05-18
Marche,1E_MS_ES_6,2017-07-31,2017-07-27
Marche,1E_MS_ES_6,2017-09-30,2017-09-13
Marche,1E_MS_ES_6,2017-10-31,2017-10-21
Marche,1E_MS_ES_6,2017-11-30,2017-11-09
Marche,1E_MS_ES_6,2017-12-31,2017-12-07
Molise,R14001_B2_10KM,2015-07-31,2015-07-22
Molise,R14001_B2_10KM,2015-09-30,2015-09-18
Molise,R14001_B2_10KM,2015-11-30,2015-11-11
Molise,R14001_B2_10KM,2016-02-29,2016-02-01
Molise,R14001_B2_10KM,2016-03-31,2016-03-21
Molise,R14001_B2_10KM,2016-06-30,2016-06-29
Molise,R14001_B2_10KM,2016-07-31,2016-07-22
Molise,R14001_B2_10KM,2016-09-30,2016-09-29
Molise,R14001_B2_10KM,2016-11-30,2016-11-14
Molise,R14001_B2_10KM,2017-01-31,2017-01-27
Molise,R14001_B2_10KM,2017-03-31,2017-03-22
Molise,R14001_B2_10KM,2017-05-31,2017-05-24
Molise,R14001_B2_10KM,2017-07-31,2017-07-12
Molise,R14001_B2_10KM,2017-09-30,2017-09-06
Molise,R14001_B2_10KM,2017-11-30,2017-11-22
Molise,R14001_B2_20KM,2015-07-31,2015-07-23
Molise,R14001_B2_20KM,2015-09-30,2015-09-18
Molise,R14001_B2_20KM,2015-11-30,2015-11-19
Molise,R14001_B2_20KM,2016-02-29,2016-02-01
Molise,R14001_B2_20KM,2016-03-31,2016-03-21
Molise,R14001_B2_20KM,2016-06-30,2016-06-30
Molise,R14001_B2_20KM,2016-07-31,2016-07-22
Molise,R14001_B2_20KM,2016-09-30,2016-09-29
Molise,R14001_B2_20KM,2016-11-30,2016-11-14
Molise,R14001_B2_20KM,2017-01-31,2017-01-27
Molise,R14001_B2_20KM,2017-03-31,2017-03-22
Molise,R14001_B2_20KM,2017-05-31,2017-05-24
Molise,R14001_B2_20KM,2017-07-31,2017-07-12
Molise,R14001_B2_20KM,2017-09-30,2017-09-06
Molise,R14001_B2_20KM,2017-11-30,2017-11-22
Molise,R14001_B2_6KM,2015-07-31,2015-07-22
Molise,R14001_B2_6KM,2015-09-30,2015-09-18
Molise,R14001_B2_6KM,2015-11-30,2015-11-11
Molise,R14001_B2_6KM,2016-01-31,2016-01-27
Molise,R14001_B2_6KM,2016-03-31,2016-03-31
Molise,R14001_B2_6KM,2016-06-30,2016-06-29
Molise,R14001_B2_6KM,2016-07-31,2016-07-22
Molise,R14001_B2_6KM,2016-09-30,2016-09-29
Molise,R14001_B2_6KM,2016-11-30,2016-11-14
Molise,R14001_B2_6KM,2017-01-31,2017-01-27
Molise,R14001_B2_6KM,2017-03-31,2017-03-22
Molise,R14001_B2_6KM,2017-05-31,2017-05-24
Molise,R14001_B2_6KM,2017-07-31,2017-07-12
Molise,R14001_B2_6KM,2017-09-30,2017-09-06
Molise,R14001_B2_6KM,2017-11-30,2017-11-22
Puglia,1CA02bis,2015-08-31,2015-08-26
Puglia,1CA02bis,2015-10-31,2015-10-07
Puglia,1CA02bis,2015-11-30,2015-11-03
Puglia,1CA02bis,2016-01-31,2016-01-27
Puglia,1CA02bis,2016-03-31,2016-03-10
Puglia,1CA02bis,2016-05-31,2016-05-26
Puglia,1CA02bis,2016-07-31,2016-07-05
Puglia,1CA02bis,2016-09-30,2016-09-15
Puglia,1CA02bis,2016-11-30,2016-11-16
Puglia,1CA02bis,2017-02-28,2017-02-17
Puglia,1CA02bis,2017-03-31,2017-03-07
Puglia,1CA02bis,2017-05-31,2017-05-19
Puglia,1CA02bis,2017-07-31,2017-07-07
Puglia,1CA02bis,2017-10-31,2017-10-03
Puglia,1CA02bis,2017-11-30,2017-11-23
Puglia,1CA03,2015-08-31,2015-08-26
Puglia,1CA03,2015-10-31,2015-10-07
Puglia,1CA03,2015-11-30,2015-11-03
Puglia,1CA03,2016-01-31,2016-01-27
Puglia,1CA03,2016-03-31,2016-03-10
Puglia,1CA03,2016-05-31,2016-05-26
Puglia,1CA03,2016-07-31,2016-07-05
Puglia,1CA03,2016-09-30,2016-09-15
Puglia,1CA03,2016-11-30,2016-11-16
Puglia,1CA03,2017-02-28,2017-02-17
Puglia,1CA03,2017-03-31,2017-03-07
Puglia,1CA03,2017-05-31,2017-05-19
Puglia,1CA03,2017-07-31,2017-07-07
Puglia,1CA03,2017-10-31,2017-10-03
Puglia,1CA03,2017-11-30,2017-11-23
Puglia,1CA04,2015-08-31,2015-08-26
Puglia,1CA04,2015-10-31,2015-10-07
Puglia,1CA04,2015-11-30,2015-11-03
Puglia,1CA04,2016-01-31,2016-01-27
Puglia,1CA04,2016-03-31,2016-03-10
Puglia,1CA04,2016-05-31,2016-05-26
Puglia,1CA04,2016-07-31,2016-07-05
Puglia,1CA04,2016-09-30,2016-09-15
Puglia,1CA04,2016-11-30,2016-11-16
Puglia,1CA04,2017-02-28,2017-02-17
Puglia,1CA04,2017-03-31,2017-03-07
Puglia,1CA04,2017-05-31,2017-05-19
Puglia,1CA04,2017-07-31,2017-07-07
Puglia,1CA04,2017-10-31,2017-10-03
Puglia,1CA04,2017-11-30,2017-11-23
Puglia,3FO02bis,2015-08-31,2015-08-19
Puglia,3FO02bis,2015-10-31,2015-10-07
Puglia,3FO02bis,2015-11-30,2015-11-03
Puglia,3FO02bis,2016-01-31,2016-01-27
Puglia,3FO02bis,2016-03-31,2016-03-10
Puglia,3FO02bis,2016-05-31,2016-05-26
Puglia,3FO02bis,2016-07-31,2016-07-05
Puglia,3FO02bis,2016-09-30,2016-09-15
Puglia,3FO02bis,2016-11-30,2016-11-16
Puglia,3FO02bis,2017-02-28,2017-02-17
Puglia,3FO02bis,2017-03-31,2017-03-07
Puglia,3FO02bis,2017-05-31,2017-05-19
Puglia,3FO02bis,2017-07-31,2017-07-07
Puglia,3FO02bis,2017-10-31,2017-10-03
Puglia,3FO02bis,2017-11-30,2017-11-23
Puglia,3FO03,2015-08-31,2015-08-19
Puglia,3FO03,2015-10-31,2015-10-07
Puglia,3FO03,2015-11-30,2015-11-03
Puglia,3FO03,2016-01-31,2016-01-27
Puglia,3FO03,2016-03-31,2016-03-10
Puglia,3FO03,2016-05-31,2016-05-26
Puglia,3FO03,2016-07-31,2016-07-05
Puglia,3FO03,2016-09-30,2016-09-15
Puglia,3FO03,2016-11-30,2016-11-16
Puglia,3FO03,2017-02-28,2017-02-17
Puglia,3FO03,2017-03-31,2017-03-07
Puglia,3FO03,2017-05-31,2017-05-19
Puglia,3FO03,2017-07-31,2017-07-07
Puglia,3FO03,2017-10-31,2017-10-03
Puglia,3FO03,2017-11-30,2017-11-23
Puglia,3FO04,2015-08-31,2015-08-19
Puglia,3FO04,2015-10-31,2015-10-07
Puglia,3FO04,2015-11-30,2015-11-03
Puglia,3FO04,2016-01-31,2016-01-27
Puglia,3FO04,2016-03-31,2016-03-10
Puglia,3FO04,2016-05-31,2016-05-26
Puglia,3FO04,2016-07-31,2016-07-05
Puglia,3FO04,2016-09-30,2016-09-15
Puglia,3FO04,2016-11-30,2016-11-16
Puglia,3FO04,2017-02-28,2017-02-17
Puglia,3FO04,2017-03-31,2017-03-07
Puglia,3FO04,2017-05-31,2017-05-19
Puglia,3FO04,2017-07-31,2017-07-07
Puglia,3FO04,2017-10-31,2017-10-03
Puglia,3FO04,2017-11-30,2017-11-23
Puglia,4BA02bis,2015-08-31,2015-08-19
Puglia,4BA02bis,2015-10-31,2015-10-06
Puglia,4BA02bis,2015-11-30,2015-11-05
Puglia,4BA02bis,2016-01-31,2016-01-28
Puglia,4BA02bis,2016-03-31,2016-03-09
Puglia,4BA02bis,2016-05-31,2016-05-27
Puglia,4BA02bis,2016-07-31,2016-07-06
Puglia,4BA02bis,2016-09-30,2016-09-16
Puglia,4BA02bis,2016-11-30,2016-11-17
Puglia,4BA02bis,2017-02-28,2017-02-21
Puglia,4BA02bis,2017-03-31,2017-03-20
Puglia,4BA02bis,2017-05-31,2017-05-24
Puglia,4BA02bis,2017-07-31,2017-07-11
Puglia,4BA02bis,2017-09-30,2017-09-15
Puglia,4BA02bis,2017-11-30,2017-11-22
Puglia,4BA03,2015-08-31,2015-08-19
Puglia,4BA03,2015-10-31,2015-10-06
Puglia,4BA03,2015-11-30,2015-11-05
Puglia,4BA03,2016-01-31,2016-01-28
Puglia,4BA03,2016-03-31,2016-03-09
Puglia,4BA03,2016-05-31,2016-05-27
Puglia,4BA03,2016-07-31,2016-07-06
Puglia,4BA03,2016-09-30,2016-09-16
Puglia,4BA03,2016-11-30,2016-11-17
Puglia,4BA03,2017-02-28,2017-02-21
Puglia,4BA03,2017-03-31,2017-03-20
Puglia,4BA03,2017-05-31,2017-05-24
Puglia,4BA03,2017-07-31,2017-07-11
Puglia,4BA03,2017-09-30,2017-09-15
Puglia,4BA03,2017-11-30,2017-11-22
Puglia,4BA04,2015-08-31,2015-08-19
Puglia,4BA04,2015-10-31,2015-10-06
Puglia,4BA04,2015-11-30,2015-11-05
Puglia,4BA04,2016-01-31,2016-01-28
Puglia,4BA04,2016-03-31,2016-03-09
Puglia,4BA04,2016-05-31,2016-05-27
Puglia,4BA04,2016-07-31,2016-07-06
Puglia,4BA04,2016-09-30,2016-09-16
Puglia,4BA04,2016-11-30,2016-11-17
Puglia,4BA04,2017-02-28,2017-02-21
Puglia,4BA04,2017-03-31,2017-03-20
Puglia,4BA04,2017-05-31,2017-05-24
Puglia,4BA04,2017-07-31,2017-07-11
Puglia,4BA04,2017-09-30,2017-09-15
Puglia,4BA04,2017-11-30,2017-11-22
Puglia,6CB02bis,2015-08-31,2015-08-25
Puglia,6CB02bis,2015-10-31,2015-10-06
Puglia,6CB02bis,2015-11-30,2015-11-05
Puglia,6CB02bis,2016-01-31,2016-01-28
Puglia,6CB02bis,2016-03-31,2016-03-09
Puglia,6CB02bis,2016-05-31,2016-05-27
Puglia,6CB02bis,2016-07-31,2016-07-06
Puglia,6CB02bis,2016-09-30,2016-09-16
Puglia,6CB02bis,2016-11-30,2016-11-17
Puglia,6CB02bis,2017-02-28,2017-02-21
Puglia,6CB02bis,2017-03-31,2017-03-20
Puglia,6CB02bis,2017-05-31,2017-05-24
Puglia,6CB02bis,2017-07-31,2017-07-11
Puglia,6CB02bis,2017-09-30,2017-09-15
Puglia,6CB02bis,2017-11-30,2017-11-22
Puglia,6CB03,2015-08-31,2015-08-25
Puglia,6CB03,2015-10-31,2015-10-06
Puglia,6CB03,2015-11-30,2015-11-05
Puglia,6CB03,2016-01-31,2016-01-28
Puglia,6CB03,2016-03-31,2016-03-09
Puglia,6CB03,2016-05-31,2016-05-27
Puglia,6CB03,2016-07-31,2016-07-06
Puglia,6CB03,2016-09-30,2016-09-16
Puglia,6CB03,2016-11-30,2016-11-17
Puglia,6CB03,2017-02-28,2017-02-21
Puglia,6CB03,2017-03-31,2017-03-20
Puglia,6CB03,2017-05-31,2017-05-24
Puglia,6CB03,2017-07-31,2017-07-11
Puglia,6CB03,2017-09-30,2017-09-15
Puglia,6CB03,2017-11-30,2017-11-22
Puglia,6CB04,2015-08-31,2015-08-25
Puglia,6CB04,2015-10-31,2015-10-06
Puglia,6CB04,2015-11-30,2015-11-05
Puglia,6CB04,2016-01-31,2016-01-28
Puglia,6CB04,2016-03-31,2016-03-09
Puglia,6CB04,2016-05-31,2016-05-27
Puglia,6CB04,2016-07-31,2016-07-06
Puglia,6CB04,2016-09-30,2016-09-16
Puglia,6CB04,2016-11-30,2016-11-17
Puglia,6CB04,2017-02-28,2017-02-21
Puglia,6CB04,2017-03-31,2017-03-20
Puglia,6CB04,2017-05-31,2017-05-24
Puglia,6CB04,2017-07-31,2017-07-11
Puglia,6CB04,2017-09-30,2017-09-15
Puglia,6CB04,2017-11-30,2017-11-22
Puglia,8PC02bis,2015-08-31,2015-08-27
Puglia,8PC02bis,2015-10-31,2015-10-05
Puglia,8PC02bis,2015-11-30,2015-11-10
Puglia,8PC02bis,2016-01-31,2016-01-29
Puglia,8PC02bis,2016-03-31,2016-03-15
Puglia,8PC02bis,2016-05-31,2016-05-06
Puglia,8PC02bis,2016-07-31,2016-07-08
Puglia,8PC02bis,2016-09-30,2016-09-21
Puglia,8PC02bis,2016-12-31,2016-12-15
Puglia,8PC02bis,2017-02-28,2017-02-01
Puglia,8PC02bis,2017-03-31,2017-03-31
Puglia,8PC02bis,2017-05-31,2017-05-29
Puglia,8PC02bis,2017-07-31,2017-07-12
Puglia,8PC02bis,2017-09-30,2017-09-22
Puglia,8PC02bis,2017-11-30,2017-11-24
Puglia,8PC03,2015-08-31,2015-08-27
Puglia,8PC03,2015-10-31,2015-10-05
Puglia,8PC03,2015-11-30,2015-11-10
Puglia,8PC03,2016-01-31,2016-01-29
Puglia,8PC03,2016-03-31,2016-03-15
Puglia,8PC03,2016-05-31,2016-05-06
Puglia,8PC03,2016-07-31,2016-07-08
Puglia,8PC03,2016-09-30,2016-09-21
Puglia,8PC03,2016-12-31,2016-12-15
Puglia,8PC03,2017-02-28,2017-02-01
Puglia,8PC03,2017-03-31,2017-03-31
Puglia,8PC03,2017-05-31,2017-05-29
Puglia,8PC03,2017-07-31,2017-07-12
Puglia,8PC03,2017-09-30,2017-09-22
Puglia,8PC03,2017-11-30,2017-11-24
Puglia,8PC04,2015-08-31,2015-08-27
Puglia,8PC04,2015-10-31,2015-10-05
Puglia,8PC04,2015-11-30,2015-11-10
Puglia,8PC04,2016-01-31,2016-01-29
Puglia,8PC04,2016-03-31,2016-03-15
Puglia,8PC04,2016-05-31,2016-05-06
Puglia,8PC04,2016-07-31,2016-07-08
Puglia,8PC04,2016-09-30,2016-09-21
Puglia,8PC04,2016-12-31,2016-12-15
Puglia,8PC04,2017-02-28,2017-02-01
Puglia,8PC04,2017-03-31,2017-03-31
Puglia,8PC04,2017-05-31,2017-05-29
Puglia,8PC04,2017-07-31,2017-07-12
Puglia,8PC04,2017-09-30,2017-09-22
Puglia,8PC04,2017-11-30,2017-11-24
Puglia,9PN02bis,2015-08-31,2015-08-27
Puglia,9PN02bis,2015-10-31,2015-10-05
Puglia,9PN02bis,2015-11-30,2015-11-10
Puglia,9PN02bis,2016-01-31,2016-01-29
Puglia,9PN02bis,2016-03-31,2016-03-15
Puglia,9PN02bis,2016-05-31,2016-05-06
Puglia,9PN02bis,2016-07-31,2016-07-08
Puglia,9PN02bis,2016-09-30,2016-09-21
Puglia,9PN02bis,2016-12-31,2016-12-15
Puglia,9PN02bis,2017-02-28,2017-02-01
Puglia,9PN02bis,2017-03-31,2017-03-24
Puglia,9PN02bis,2017-05-31,2017-05-29
Puglia,9PN02bis,2017-07-31,2017-07-12
Puglia,9PN02bis,2017-09-30,2017-09-22
Puglia,9PN02bis,2017-11-30,2017-11-24
Puglia,9PN03,2015-08-31,2015-08-27
Puglia,9PN03,2015-10-31,2015-10-05
Puglia,9PN03,2015-11-30,2015-11-10
Puglia,9PN03,2016-01-31,2016-01-29
Puglia,9PN03,2016-03-31,2016-03-15
Puglia,9PN03,2016-05-31,2016-05-06
Puglia,9PN03,2016-07-31,2016-07-08
Puglia,9PN03,2016-09-30,2016-09-21
Puglia,9PN03,2016-12-31,2016-12-15
Puglia,9PN03,2017-02-28,2017-02-01
Puglia,9PN03,2017-03-31,2017-03-24
Puglia,9PN03,2017-05-31,2017-05-29
Puglia,9PN03,2017-07-31,2017-07-12
Puglia,9PN03,2017-09-30,2017-09-22
Puglia,9PN03,2017-11-30,2017-11-24
Puglia,9PN04,2015-08-31,2015-08-27
Puglia,9PN04,2015-10-31,2015-10-05
Puglia,9PN04,2015-11-30,2015-11-10
Puglia,9PN04,2016-01-31,2016-01-29
Puglia,9PN04,2016-03-31,2016-03-15
Puglia,9PN04,2016-05-31,2016-05-06
Puglia,9PN04,2016-07-31,2016-07-08
Puglia,9PN04,2016-09-30,2016-09-21
Puglia,9PN04,2016-12-31,2016-12-15
Puglia,9PN04,2017-02-28,2017-02-01
Puglia,9PN04,2017-03-31,2017-03-24
Puglia,9PN04,2017-07-31,2017-07-12
Puglia,9PN04,2017-07-31,2017-07-12
Puglia,9PN04,2017-09-30,2017-09-22
Puglia,9PN04,2017-11-30,2017-11-24
Sardegna,0004-MS00200_TR03,2015-08-31,2015-08-06
Sardegna,0004-MS00200_TR03,2015-10-31,2015-10-08
Sardegna,0004-MS00200_TR03,2015-12-31,2015-12-28
Sardegna,0004-MS00200_TR03,2016-01-31,2016-01-20
Sardegna,0004-MS00200_TR03,2016-04-30,2016-04-28
Sardegna,0004-MS00200_TR03,2016-06-30,2016-06-21
Sardegna,0004-MS00200_TR03,2016-07-31,2016-07-26
Sardegna,0004-MS00200_TR03,2016-10-31,2016-10-03
Sardegna,0004-MS00200_TR03,2016-12-31,2016-12-29
Sardegna,0004-MS00200_TR03,2017-06-30,2017-06-09
Sardegna,0004-MS00200_TR03,2017-07-31,2017-07-04
Sardegna,0004-MS00200_TR03,2017-09-30,2017-09-14
Sardegna,0004-MS00200_TR03,2017-11-30,2017-11-16
Sardegna,0004-MS00200_TR06,2015-08-31,2015-08-06
Sardegna,0004-MS00200_TR06,2015-10-31,2015-10-08
Sardegna,0004-MS00200_TR06,2015-12-31,2015-12-28
Sardegna,0004-MS00200_TR06,2016-01-31,2016-01-20
Sardegna,0004-MS00200_TR06,2016-04-30,2016-04-28
Sardegna,0004-MS00200_TR06,2016-06-30,2016-06-21
Sardegna,0004-MS00200_TR06,2016-07-31,2016-07-26
Sardegna,0004-MS00200_TR06,2016-10-31,2016-10-03
Sardegna,0004-MS00200_TR06,2016-12-31,2016-12-29
Sardegna,0004-MS00200_TR06,2017-06-30,2017-06-09
Sardegna,0004-MS00200_TR06,2017-07-31,2017-07-04
Sardegna,0004-MS00200_TR06,2017-09-30,2017-09-14
Sardegna,0004-MS00200_TR06,2017-11-30,2017-11-16
Sardegna,0004-MS00200_TR12,2015-10-31,2015-10-08
Sardegna,0004-MS00200_TR12,2015-12-31,2015-12-28
Sardegna,0004-MS00200_TR12,2016-01-31,2016-01-18
Sardegna,0004-MS00200_TR12,2016-04-30,2016-04-28
Sardegna,0004-MS00200_TR12,2016-06-30,2016-06-21
Sardegna,0004-MS00200_TR12,2016-07-31,2016-07-26
Sardegna,0004-MS00200_TR12,2016-10-31,2016-10-03
Sardegna,0004-MS00200_TR12,2016-12-31,2016-12-29
Sardegna,0004-MS00200_TR12,2017-06-30,2017-06-09
Sardegna,0004-MS00200_TR12,2017-07-31,2017-07-04
Sardegna,0004-MS00200_TR12,2017-09-30,2017-09-14
Sardegna,0004-MS00200_TR12,2017-11-30,2017-11-16
Sardegna,0018-MS00110_TR03,2015-08-31,2015-08-05
Sardegna,0018-MS00110_TR03,2015-12-31,2015-12-28
Sardegna,0018-MS00110_TR03,2016-02-29,2016-02-25
Sardegna,0018-MS00110_TR03,2016-04-30,2016-04-27
Sardegna,0018-MS00110_TR03,2016-06-30,2016-06-22
Sardegna,0018-MS00110_TR03,2016-07-31,2016-07-19
Sardegna,0018-MS00110_TR03,2016-09-30,2016-09-14
Sardegna,0018-MS00110_TR03,2016-12-31,2016-12-27
Sardegna,0018-MS00110_TR03,2017-05-31,2017-05-23
Sardegna,0018-MS00110_TR03,2017-07-31,2017-07-06
Sardegna,0018-MS00110_TR03,2017-09-30,2017-09-04
Sardegna,0018-MS00110_TR03,2017-11-30,2017-11-22
Sardegna,0018-MS00110_TR06,2015-08-31,2015-08-05
Sardegna,0018-MS00110_TR06,2015-10-31,2015-10-14
Sardegna,0018-MS00110_TR06,2015-12-31,2015-12-28
Sardegna,0018-MS00110_TR06,2016-02-29,2016-02-25
Sardegna,0018-MS00110_TR06,2016-04-30,2016-04-27
Sardegna,0018-MS00110_TR06,2016-06-30,2016-06-22
Sardegna,0018-MS00110_TR06,2016-07-31,2016-07-19
Sardegna,0018-MS00110_TR06,2016-09-30,2016-09-14
Sardegna,0018-MS00110_TR06,2016-12-31,2016-12-27
Sardegna,0018-MS00110_TR06,2017-05-31,2017-05-23
Sardegna,0018-MS00110_TR06,2017-07-31,2017-07-06
Sardegna,0018-MS00110_TR06,2017-09-30,2017-09-04
Sardegna,0018-MS00110_TR06,2017-11-30,2017-11-22
Sardegna,0018-MS00110_TR12,2015-08-31,2015-08-05
Sardegna,0018-MS00110_TR12,2015-10-31,2015-10-14
Sardegna,0018-MS00110_TR12,2015-12-31,2015-12-28
Sardegna,0018-MS00110_TR12,2016-02-29,2016-02-25
Sardegna,0018-MS00110_TR12,2016-04-30,2016-04-27
Sardegna,0018-MS00110_TR12,2016-06-30,2016-06-22
Sardegna,0018-MS00110_TR12,2016-07-31,2016-07-19
Sardegna,0018-MS00110_TR12,2016-09-30,2016-09-13
Sardegna,0018-MS00110_TR12,2016-12-31,2016-12-27
Sardegna,0018-MS00110_TR12,2017-05-31,2017-05-23
Sardegna,0018-MS00110_TR12,2017-07-31,2017-07-06
Sardegna,0018-MS00110_TR12,2017-09-30,2017-09-04
Sardegna,0018-MS00110_TR12,2017-11-30,2017-11-22
Sardegna,0073-MS00370_TR03,2015-07-31,2015-07-30
Sardegna,0073-MS00370_TR03,2015-11-30,2015-11-11
Sardegna,0073-MS00370_TR03,2016-04-30,2016-04-22
Sardegna,0073-MS00370_TR03,2016-06-30,2016-06-21
Sardegna,0073-MS00370_TR03,2016-08-31,2016-08-02
Sardegna,0073-MS00370_TR03,2016-09-30,2016-09-28
Sardegna,0073-MS00370_TR03,2017-04-30,2017-04-05
Sardegna,0073-MS00370_TR03,2017-07-31,2017-07-24
Sardegna,0073-MS00370_TR03,2017-09-30,2017-09-14
Sardegna,0073-MS00370_TR03,2017-12-31,2017-12-06
Sardegna,0073-MS00370_TR06,2015-07-31,2015-07-30
Sardegna,0073-MS00370_TR06,2015-11-30,2015-11-11
Sardegna,0073-MS00370_TR06,2016-04-30,2016-04-22
Sardegna,0073-MS00370_TR06,2016-06-30,2016-06-21
Sardegna,0073-MS00370_TR06,2016-08-31,2016-08-02
Sardegna,0073-MS00370_TR06,2016-09-30,2016-09-28
Sardegna,0073-MS00370_TR06,2017-04-30,2017-04-05
Sardegna,0073-MS00370_TR06,2017-07-31,2017-07-24
Sardegna,0073-MS00370_TR06,2017-09-30,2017-09-14
Sardegna,0073-MS00370_TR06,2017-12-31,2017-12-06
Sardegna,0073-MS00370_TR12,2015-07-31,2015-07-30
Sardegna,0073-MS00370_TR12,2015-11-30,2015-11-11
Sardegna,0073-MS00370_TR12,2016-06-30,2016-06-21
Sardegna,0073-MS00370_TR12,2016-09-30,2016-09-28
Sardegna,0073-MS00370_TR12,2017-04-30,2017-04-05
Sardegna,0073-MS00370_TR12,2017-07-31,2017-07-24
Sardegna,0073-MS00370_TR12,2017-09-30,2017-09-14
Sardegna,0073-MS00370_TR12,2017-12-31,2017-12-06
Sardegna,0129-MS00730_TR03,2015-08-31,2015-08-06
Sardegna,0129-MS00730_TR03,2015-10-31,2015-10-08
Sardegna,0129-MS00730_TR03,2015-11-30,2015-11-24
Sardegna,0129-MS00730_TR03,2016-01-31,2016-01-21
Sardegna,0129-MS00730_TR03,2016-03-31,2016-03-16
Sardegna,0129-MS00730_TR03,2016-05-31,2016-05-25
Sardegna,0129-MS00730_TR03,2016-07-31,2016-07-12
Sardegna,0129-MS00730_TR03,2016-09-30,2016-09-14
Sardegna,0129-MS00730_TR03,2016-12-31,2016-12-14
Sardegna,0129-MS00730_TR03,2017-01-31,2017-01-31
Sardegna,0129-MS00730_TR03,2017-03-31,2017-03-14
Sardegna,0129-MS00730_TR03,2017-05-31,2017-05-25
Sardegna,0129-MS00730_TR03,2017-07-31,2017-07-11
Sardegna,0129-MS00730_TR03,2017-09-30,2017-09-21
Sardegna,0129-MS00730_TR03,2017-12-31,2017-12-05
Sardegna,0129-MS00730_TR06,2015-08-31,2015-08-06
Sardegna,0129-MS00730_TR06,2015-10-31,2015-10-08
Sardegna,0129-MS00730_TR06,2015-11-30,2015-11-24
Sardegna,0129-MS00730_TR06,2016-01-31,2016-01-21
Sardegna,0129-MS00730_TR06,2016-03-31,2016-03-16
Sardegna,0129-MS00730_TR06,2016-05-31,2016-05-25
Sardegna,0129-MS00730_TR06,2016-05-31,2016-05-25
Sardegna,0129-MS00730_TR06,2016-07-31,2016-07-12
Sardegna,0129-MS00730_TR06,2016-09-30,2016-09-14
Sardegna,0129-MS00730_TR06,2016-12-31,2016-12-14
Sardegna,0129-MS00730_TR06,2017-01-31,2017-01-31
Sardegna,0129-MS00730_TR06,2017-03-31,2017-03-14
Sardegna,0129-MS00730_TR06,2017-05-31,2017-05-25
Sardegna,0129-MS00730_TR06,2017-07-31,2017-07-11
Sardegna,0129-MS00730_TR06,2017-09-30,2017-09-21
Sardegna,0129-MS00730_TR06,2017-12-31,2017-12-05
Sardegna,0129-MS00730_TR12,2015-08-31,2015-08-06
Sardegna,0129-MS00730_TR12,2015-10-31,2015-10-08
Sardegna,0129-MS00730_TR12,2015-11-30,2015-11-24
Sardegna,0129-MS00730_TR12,2016-01-31,2016-01-21
Sardegna,0129-MS00730_TR12,2016-03-31,2016-03-16
Sardegna,0129-MS00730_TR12,2016-05-31,2016-05-25
Sardegna,0129-MS00730_TR12,2016-07-31,2016-07-12
Sardegna,0129-MS00730_TR12,2016-09-30,2016-09-14
Sardegna,0129-MS00730_TR12,2016-12-31,2016-12-14
Sardegna,0129-MS00730_TR12,2017-01-31,2017-01-31
Sardegna,0129-MS00730_TR12,2017-03-31,2017-03-14
Sardegna,0129-MS00730_TR12,2017-05-31,2017-05-25
Sardegna,0129-MS00730_TR12,2017-07-31,2017-07-11
Sardegna,0129-MS00730_TR12,2017-09-30,2017-09-21
Sardegna,0129-MS00730_TR12,2017-12-31,2017-12-05
Sardegna,0182-MS01070_TR03,2015-07-31,2015-07-23
Sardegna,0182-MS01070_TR03,2015-09-30,2015-09-17
Sardegna,0182-MS01070_TR03,2015-11-30,2015-11-17
Sardegna,0182-MS01070_TR03,2016-01-31,2016-01-29
Sardegna,0182-MS01070_TR03,2016-06-30,2016-06-21
Sardegna,0182-MS01070_TR03,2016-07-31,2016-07-27
Sardegna,0182-MS01070_TR03,2016-10-31,2016-10-03
Sardegna,0182-MS01070_TR03,2016-11-30,2016-11-30
Sardegna,0182-MS01070_TR03,2017-01-31,2017-01-26
Sardegna,0182-MS01070_TR03,2017-03-31,2017-03-10
Sardegna,0182-MS01070_TR03,2017-05-31,2017-05-04
Sardegna,0182-MS01070_TR03,2017-07-31,2017-07-28
Sardegna,0182-MS01070_TR03,2017-09-30,2017-09-15
Sardegna,0182-MS01070_TR03,2017-11-30,2017-11-24
Sardegna,0182-MS01070_TR06,2015-07-31,2015-07-23
Sardegna,0182-MS01070_TR06,2015-09-30,2015-09-17
Sardegna,0182-MS01070_TR06,2015-11-30,2015-11-17
Sardegna,0182-MS01070_TR06,2016-01-31,2016-01-29
Sardegna,0182-MS01070_TR06,2016-06-30,2016-06-21
Sardegna,0182-MS01070_TR06,2016-07-31,2016-07-27
Sardegna,0182-MS01070_TR06,2016-10-31,2016-10-03
Sardegna,0182-MS01070_TR06,2016-11-30,2016-11-30
Sardegna,0182-MS01070_TR06,2017-01-31,2017-01-26
Sardegna,0182-MS01070_TR06,2017-03-31,2017-03-10
Sardegna,0182-MS01070_TR06,2017-05-31,2017-05-04
Sardegna,0182-MS01070_TR06,2017-07-31,2017-07-28
Sardegna,0182-MS01070_TR06,2017-09-30,2017-09-15
Sardegna,0182-MS01070_TR06,2017-11-30,2017-11-24
Sardegna,0182-MS01070_TR12,2015-07-31,2015-07-23
Sardegna,0182-MS01070_TR12,2015-09-30,2015-09-17
Sardegna,0182-MS01070_TR12,2015-11-30,2015-11-17
Sardegna,0182-MS01070_TR12,2016-01-31,2016-01-29
Sardegna,0182-MS01070_TR12,2016-06-30,2016-06-21
Sardegna,0182-MS01070_TR12,2016-07-31,2016-07-27
Sardegna,0182-MS01070_TR12,2016-10-31,2016-10-03
Sardegna,0182-MS01070_TR12,2016-11-30,2016-11-30
Sardegna,0182-MS01070_TR12,2017-01-31,2017-01-26
Sardegna,0182-MS01070_TR12,2017-03-31,2017-03-10
Sardegna,0182-MS01070_TR12,2017-05-31,2017-05-04
Sardegna,0182-MS01070_TR12,2017-07-31,2017-07-28
Sardegna,0182-MS01070_TR12,2017-09-30,2017-09-15
Sardegna,0182-MS01070_TR12,2017-11-30,2017-11-24
Sardegna,0192-MS01200_TR03,2015-08-31,2015-08-04
Sardegna,0192-MS01200_TR03,2015-10-31,2015-10-12
Sardegna,0192-MS01200_TR03,2015-12-31,2015-12-03
Sardegna,0192-MS01200_TR03,2016-01-31,2016-01-26
Sardegna,0192-MS01200_TR03,2016-04-30,2016-04-04
Sardegna,0192-MS01200_TR03,2016-05-31,2016-05-26
Sardegna,0192-MS01200_TR03,2016-07-31,2016-07-06
Sardegna,0192-MS01200_TR03,2016-09-30,2016-09-26
Sardegna,0192-MS01200_TR03,2016-11-30,2016-11-28
Sardegna,0192-MS01200_TR03,2017-02-28,2017-02-01
Sardegna,0192-MS01200_TR03,2017-03-31,2017-03-16
Sardegna,0192-MS01200_TR03,2017-05-31,2017-05-11
Sardegna,0192-MS01200_TR03,2017-07-31,2017-07-19
Sardegna,0192-MS01200_TR03,2017-09-30,2017-09-22
Sardegna,0192-MS01200_TR03,2017-11-30,2017-11-23
Sardegna,0192-MS01200_TR06,2015-08-31,2015-08-04
Sardegna,0192-MS01200_TR06,2015-10-31,2015-10-12
Sardegna,0192-MS01200_TR06,2015-12-31,2015-12-03
Sardegna,0192-MS01200_TR06,2016-01-31,2016-01-26
Sardegna,0192-MS01200_TR06,2016-04-30,2016-04-04
Sardegna,0192-MS01200_TR06,2016-05-31,2016-05-26
Sardegna,0192-MS01200_TR06,2016-07-31,2016-07-06
Sardegna,0192-MS01200_TR06,2016-09-30,2016-09-26
Sardegna,0192-MS01200_TR06,2016-11-30,2016-11-28
Sardegna,0192-MS01200_TR06,2017-02-28,2017-02-01
Sardegna,0192-MS01200_TR06,2017-03-31,2017-03-16
Sardegna,0192-MS01200_TR06,2017-05-31,2017-05-11
Sardegna,0192-MS01200_TR06,2017-07-31,2017-07-19
Sardegna,0192-MS01200_TR06,2017-09-30,2017-09-22
Sardegna,0192-MS01200_TR06,2017-11-30,2017-11-23
Sardegna,0192-MS01200_TR12,2015-08-31,2015-08-04
Sardegna,0192-MS01200_TR12,2015-10-31,2015-10-12
Sardegna,0192-MS01200_TR12,2015-12-31,2015-12-03
Sardegna,0192-MS01200_TR12,2016-01-31,2016-01-26
Sardegna,0192-MS01200_TR12,2016-04-30,2016-04-04
Sardegna,0192-MS01200_TR12,2016-07-31,2016-07-06
Sardegna,0192-MS01200_TR12,2016-09-30,2016-09-26
Sardegna,0192-MS01200_TR12,2016-11-30,2016-11-28
Sardegna,0192-MS01200_TR12,2017-02-28,2017-02-01
Sardegna,0192-MS01200_TR12,2017-03-31,2017-03-16
Sardegna,0192-MS01200_TR12,2017-05-31,2017-05-11
Sardegna,0192-MS01200_TR12,2017-07-31,2017-07-19
Sardegna,0192-MS01200_TR12,2017-09-30,2017-09-22
Sardegna,0192-MS01200_TR12,2017-11-30,2017-11-23
Sardegna,0222-MS01380_TR03,2015-08-31,2015-08-11
Sardegna,0222-MS01380_TR03,2015-10-31,2015-10-05
Sardegna,0222-MS01380_TR03,2015-12-31,2015-12-14
Sardegna,0222-MS01380_TR03,2016-06-30,2016-06-23
Sardegna,0222-MS01380_TR03,2016-08-31,2016-08-09
Sardegna,0222-MS01380_TR03,2016-10-31,2016-10-18
Sardegna,0222-MS01380_TR03,2016-12-31,2016-12-01
Sardegna,0222-MS01380_TR03,2017-03-31,2017-03-21
Sardegna,0222-MS01380_TR03,2017-05-31,2017-05-29
Sardegna,0222-MS01380_TR03,2017-07-31,2017-07-19
Sardegna,0222-MS01380_TR03,2017-09-30,2017-09-26
Sardegna,0222-MS01380_TR03,2017-12-31,2017-12-05
Sardegna,0222-MS01380_TR06,2015-08-31,2015-08-11
Sardegna,0222-MS01380_TR06,2015-10-31,2015-10-05
Sardegna,0222-MS01380_TR06,2015-12-31,2015-12-14
Sardegna,0222-MS01380_TR06,2016-06-30,2016-06-23
Sardegna,0222-MS01380_TR06,2016-08-31,2016-08-09
Sardegna,0222-MS01380_TR06,2016-10-31,2016-10-18
Sardegna,0222-MS01380_TR06,2016-12-31,2016-12-01
Sardegna,0222-MS01380_TR06,2017-03-31,2017-03-21
Sardegna,0222-MS01380_TR06,2017-05-31,2017-05-29
Sardegna,0222-MS01380_TR06,2017-07-31,2017-07-19
Sardegna,0222-MS01380_TR06,2017-09-30,2017-09-26
Sardegna,0222-MS01380_TR06,2017-12-31,2017-12-05
Sardegna,0222-MS01380_TR12,2015-08-31,2015-08-13
Sardegna,0222-MS01380_TR12,2015-10-31,2015-10-05
Sardegna,0222-MS01380_TR12,2015-12-31,2015-12-14
Sardegna,0222-MS01380_TR12,2016-06-30,2016-06-23
Sardegna,0222-MS01380_TR12,2016-08-31,2016-08-09
Sardegna,0222-MS01380_TR12,2016-10-31,2016-10-18
Sardegna,0222-MS01380_TR12,2016-12-31,2016-12-01
Sardegna,0222-MS01380_TR12,2017-03-31,2017-03-21
Sardegna,0222-MS01380_TR12,2017-05-31,2017-05-29
Sardegna,0222-MS01380_TR12,2017-07-31,2017-07-19
Sardegna,0222-MS01380_TR12,2017-09-30,2017-09-26
Sardegna,0222-MS01380_TR12,2017-12-31,2017-12-05
Sicilia,CGM1A,2015-07-31,2015-07-23
Sicilia,CGM1A,2015-09-30,2015-09-23
Sicilia,CGM1A,2015-11-30,2015-11-11
Sicilia,CGM1A,2016-03-31,2016-03-16
Sicilia,CGM1A,2016-05-31,2016-05-31
Sicilia,CGM1A,2017-01-31,2017-01-26
Sicilia,CGM1A,2017-03-31,2017-03-13
Sicilia,CGM1A,2017-05-31,2017-05-25
Sicilia,CGM1A,2017-07-31,2017-07-31
Sicilia,CGM1A,2017-09-30,2017-09-06
Sicilia,CGM1A,2017-12-31,2017-12-06
Sicilia,CGM1B,2015-07-31,2015-07-23
Sicilia,CGM1B,2015-09-30,2015-09-23
Sicilia,CGM1B,2015-11-30,2015-11-11
Sicilia,CGM1B,2016-03-31,2016-03-16
Sicilia,CGM1B,2016-05-31,2016-05-31
Sicilia,CGM1B,2017-01-31,2017-01-26
Sicilia,CGM1B,2017-03-31,2017-03-13
Sicilia,CGM1B,2017-05-31,2017-05-25
Sicilia,CGM1B,2017-07-31,2017-07-31
Sicilia,CGM1B,2017-09-30,2017-09-06
Sicilia,CGM1B,2017-12-31,2017-12-06
Sicilia,CGM1C,2015-07-31,2015-07-23
Sicilia,CGM1C,2015-09-30,2015-09-23
Sicilia,CGM1C,2015-11-30,2015-11-11
Sicilia,CGM1C,2016-03-31,2016-03-16
Sicilia,CGM1C,2016-05-31,2016-05-31
Sicilia,CGM1C,2017-01-31,2017-01-26
Sicilia,CGM1C,2017-03-31,2017-03-13
Sicilia,CGM1C,2017-05-31,2017-05-25
Sicilia,CGM1C,2017-07-31,2017-07-31
Sicilia,CGM1C,2017-09-30,2017-09-06
Sicilia,CGM1C,2017-12-31,2017-12-06
Sicilia,COM1A,2015-07-31,2015-07-29
Sicilia,COM1A,2015-10-31,2015-10-08
Sicilia,COM1A,2015-12-31,2015-12-10
Sicilia,COM1A,2016-02-29,2016-02-08
Sicilia,COM1A,2016-04-30,2016-04-16
Sicilia,COM1A,2016-05-31,2016-05-25
Sicilia,COM1A,2017-02-28,2017-02-28
Sicilia,COM1A,2017-04-30,2017-04-12
Sicilia,COM1A,2017-05-31,2017-05-18
Sicilia,COM1A,2017-07-31,2017-07-07
Sicilia,COM1A,2017-10-31,2017-10-11
Sicilia,COM1A,2017-11-30,2017-11-23
Sicilia,COM1B,2015-07-31,2015-07-29
Sicilia,COM1B,2015-10-31,2015-10-08
Sicilia,COM1B,2015-12-31,2015-12-10
Sicilia,COM1B,2016-02-29,2016-02-08
Sicilia,COM1B,2016-04-30,2016-04-16
Sicilia,COM1B,2016-05-31,2016-05-25
Sicilia,COM1B,2017-02-28,2017-02-28
Sicilia,COM1B,2017-04-30,2017-04-12
Sicilia,COM1B,2017-05-31,2017-05-18
Sicilia,COM1B,2017-07-31,2017-07-07
Sicilia,COM1B,2017-10-31,2017-10-11
Sicilia,COM1B,2017-11-30,2017-11-23
Sicilia,COM1C,2015-07-31,2015-07-29
Sicilia,COM1C,2015-10-31,2015-10-08
Sicilia,COM1C,2015-12-31,2015-12-10
Sicilia,COM1C,2016-02-29,2016-02-08
Sicilia,COM1C,2016-04-30,2016-04-16
Sicilia,COM1C,2016-05-31,2016-05-25
Sicilia,COM1C,2017-02-28,2017-02-28
Sicilia,COM1C,2017-04-30,2017-04-12
Sicilia,COM1C,2017-05-31,2017-05-18
Sicilia,COM1C,2017-07-31,2017-07-07
Sicilia,COM1C,2017-10-31,2017-10-11
Sicilia,COM1C,2017-11-30,2017-11-23
Sicilia,ICM1A,2015-08-31,2015-08-04
Sicilia,ICM1A,2015-10-31,2015-10-06
Sicilia,ICM1A,2015-12-31,2015-12-15
Sicilia,ICM1A,2016-02-29,2016-02-03
Sicilia,ICM1A,2016-04-30,2016-04-15
Sicilia,ICM1A,2016-05-31,2016-05-26
Sicilia,ICM1A,2016-10-31,2016-10-04
Sicilia,ICM1A,2017-02-28,2017-02-24
Sicilia,ICM1A,2017-04-30,2017-04-27
Sicilia,ICM1A,2017-05-31,2017-05-22
Sicilia,ICM1A,2017-07-31,2017-07-11
Sicilia,ICM1A,2017-10-31,2017-10-09
Sicilia,ICM1A,2017-11-30,2017-11-20
Sicilia,ICM1B,2015-08-31,2015-08-04
Sicilia,ICM1B,2015-10-31,2015-10-06
Sicilia,ICM1B,2015-12-31,2015-12-15
Sicilia,ICM1B,2016-02-29,2016-02-03
Sicilia,ICM1B,2016-04-30,2016-04-15
Sicilia,ICM1B,2016-05-31,2016-05-26
Sicilia,ICM1B,2016-10-31,2016-10-04
Sicilia,ICM1B,2017-02-28,2017-02-24
Sicilia,ICM1B,2017-04-30,2017-04-27
Sicilia,ICM1B,2017-05-31,2017-05-22
Sicilia,ICM1B,2017-07-31,2017-07-11
Sicilia,ICM1B,2017-10-31,2017-10-09
Sicilia,ICM1B,2017-11-30,2017-11-20
Sicilia,ICM1C,2015-08-31,2015-08-04
Sicilia,ICM1C,2015-10-31,2015-10-06
Sicilia,ICM1C,2015-12-31,2015-12-15
Sicilia,ICM1C,2016-02-29,2016-02-03
Sicilia,ICM1C,2016-04-30,2016-04-15
Sicilia,ICM1C,2016-05-31,2016-05-26
Sicilia,ICM1C,2016-10-31,2016-10-04
Sicilia,ICM1C,2017-02-28,2017-02-24
Sicilia,ICM1C,2017-04-30,2017-04-27
Sicilia,ICM1C,2017-05-31,2017-05-22
Sicilia,ICM1C,2017-07-31,2017-07-11
Sicilia,ICM1C,2017-10-31,2017-10-09
Sicilia,ICM1C,2017-11-30,2017-11-20
Sicilia,IEM1A,2015-07-31,2015-07-24
Sicilia,IEM1A,2015-09-30,2015-09-28
Sicilia,IEM1A,2015-12-31,2015-12-03
Sicilia,IEM1A,2016-03-31,2016-03-17
Sicilia,IEM1A,2016-06-30,2016-06-08
Sicilia,IEM1A,2017-02-28,2017-02-21
Sicilia,IEM1A,2017-03-31,2017-03-16
Sicilia,IEM1A,2017-05-31,2017-05-15
Sicilia,IEM1A,2017-07-31,2017-07-04
Sicilia,IEM1A,2017-09-30,2017-09-29
Sicilia,IEM1A,2017-12-31,2017-12-20
Sicilia,IEM1B,2015-07-31,2015-07-24
Sicilia,IEM1B,2015-09-30,2015-09-28
Sicilia,IEM1B,2015-12-31,2015-12-03
Sicilia,IEM1B,2016-03-31,2016-03-17
Sicilia,IEM1B,2016-06-30,2016-06-08
Sicilia,IEM1B,2017-02-28,2017-02-21
Sicilia,IEM1B,2017-03-31,2017-03-16
Sicilia,IEM1B,2017-05-31,2017-05-15
Sicilia,IEM1B,2017-07-31,2017-07-04
Sicilia,IEM1B,2017-09-30,2017-09-29
Sicilia,IEM1B,2017-12-31,2017-12-20
Sicilia,IEM1C,2015-07-31,2015-07-24
Sicilia,IEM1C,2015-09-30,2015-09-28
Sicilia,IEM1C,2015-12-31,2015-12-03
Sicilia,IEM1C,2016-03-31,2016-03-17
Sicilia,IEM1C,2016-06-30,2016-06-08
Sicilia,IEM1C,2017-02-28,2017-02-21
Sicilia,IEM1C,2017-03-31,2017-03-16
Sicilia,IEM1C,2017-05-31,2017-05-15
Sicilia,IEM1C,2017-07-31,2017-07-04
Sicilia,IEM1C,2017-09-30,2017-09-29
Sicilia,IEM1C,2017-12-31,2017-12-20
Sicilia,PLM1A,2015-08-31,2015-08-03
Sicilia,PLM1A,2015-10-31,2015-10-06
Sicilia,PLM1A,2015-12-31,2015-12-14
Sicilia,PLM1A,2016-02-29,2016-02-08
Sicilia,PLM1A,2016-04-30,2016-04-16
Sicilia,PLM1A,2016-05-31,2016-05-25
Sicilia,PLM1A,2016-10-31,2016-10-03
Sicilia,PLM1A,2017-02-28,2017-02-28
Sicilia,PLM1A,2017-04-30,2017-04-12
Sicilia,PLM1A,2017-05-31,2017-05-18
Sicilia,PLM1A,2017-07-31,2017-07-07
Sicilia,PLM1A,2017-10-31,2017-10-09
Sicilia,PLM1A,2017-11-30,2017-11-22
Sicilia,PLM1B,2015-08-31,2015-08-03
Sicilia,PLM1B,2015-10-31,2015-10-06
Sicilia,PLM1B,2015-12-31,2015-12-14
Sicilia,PLM1B,2016-02-29,2016-02-08
Sicilia,PLM1B,2016-04-30,2016-04-16
Sicilia,PLM1B,2016-05-31,2016-05-25
Sicilia,PLM1B,2016-10-31,2016-10-03
Sicilia,PLM1B,2017-02-28,2017-02-28
Sicilia,PLM1B,2017-04-30,2017-04-12
Sicilia,PLM1B,2017-05-31,2017-05-18
Sicilia,PLM1B,2017-07-31,2017-07-07
Sicilia,PLM1B,2017-10-31,2017-10-09
Sicilia,PLM1B,2017-11-30,2017-11-22
Sicilia,PLM1C,2015-08-31,2015-08-03
Sicilia,PLM1C,2015-10-31,2015-10-06
Sicilia,PLM1C,2015-12-31,2015-12-14
Sicilia,PLM1C,2016-02-29,2016-02-08
Sicilia,PLM1C,2016-04-30,2016-04-16
Sicilia,PLM1C,2016-05-31,2016-05-25
Sicilia,PLM1C,2016-10-31,2016-10-03
Sicilia,PLM1C,2017-02-28,2017-02-28
Sicilia,PLM1C,2017-04-30,2017-04-12
Sicilia,PLM1C,2017-05-31,2017-05-18
Sicilia,PLM1C,2017-07-31,2017-07-07
Sicilia,PLM1C,2017-10-31,2017-10-09
Sicilia,PLM1C,2017-11-30,2017-11-22
Sicilia,SMM1A,2015-07-31,2015-07-28
Sicilia,SMM1A,2015-09-30,2015-09-29
Sicilia,SMM1A,2015-12-31,2015-12-04
Sicilia,SMM1A,2016-02-29,2016-02-09
Sicilia,SMM1A,2016-04-30,2016-04-20
Sicilia,SMM1A,2016-06-30,2016-06-21
Sicilia,SMM1A,2017-02-28,2017-02-22
Sicilia,SMM1A,2017-04-30,2017-04-06
Sicilia,SMM1A,2017-05-31,2017-05-16
Sicilia,SMM1A,2017-07-31,2017-07-05
Sicilia,SMM1A,2017-10-31,2017-10-02
Sicilia,SMM1A,2017-12-31,2017-12-19
Sicilia,SMM1B,2015-07-31,2015-07-28
Sicilia,SMM1B,2015-09-30,2015-09-29
Sicilia,SMM1B,2015-12-31,2015-12-04
Sicilia,SMM1B,2016-02-29,2016-02-09
Sicilia,SMM1B,2016-04-30,2016-04-20
Sicilia,SMM1B,2016-06-30,2016-06-21
Sicilia,SMM1B,2017-02-28,2017-02-22
Sicilia,SMM1B,2017-04-30,2017-04-06
Sicilia,SMM1B,2017-05-31,2017-05-16
Sicilia,SMM1B,2017-07-31,2017-07-05
Sicilia,SMM1B,2017-10-31,2017-10-02
Sicilia,SMM1B,2017-12-31,2017-12-19
Sicilia,SMM1C,2015-07-31,2015-07-28
Sicilia,SMM1C,2015-09-30,2015-09-29
Sicilia,SMM1C,2015-12-31,2015-12-04
Sicilia,SMM1C,2016-02-29,2016-02-09
Sicilia,SMM1C,2016-04-30,2016-04-20
Sicilia,SMM1C,2016-06-30,2016-06-21
Sicilia,SMM1C,2017-02-28,2017-02-22
Sicilia,SMM1C,2017-04-30,2017-04-06
Sicilia,SMM1C,2017-05-31,2017-05-16
Sicilia,SMM1C,2017-07-31,2017-07-05
Sicilia,SMM1C,2017-10-31,2017-10-02
Sicilia,SMM1C,2017-12-31,2017-12-19
Toscana,SMR_CCE_WA1,2015-07-31,2015-07-20
Toscana,SMR_CCE_WA1,2015-09-30,2015-09-25
Toscana,SMR_CCE_WA1,2015-11-30,2015-11-17
Toscana,SMR_CCE_WA1,2016-03-31,2016-03-15
Toscana,SMR_CCE_WA1,2016-06-30,2016-06-07
Toscana,SMR_CCE_WA1,2016-07-31,2016-07-06
Toscana,SMR_CCE_WA1,2016-09-30,2016-09-21
Toscana,SMR_CCE_WA1,2016-11-30,2016-11-16
Toscana,SMR_CCE_WA1,2017-05-31,2017-05-30
Toscana,SMR_CCE_WA1,2017-07-31,2017-07-06
Toscana,SMR_CCE_WA1,2017-09-30,2017-09-07
Toscana,SMR_CCE_WA1,2017-12-31,2017-12-04
Toscana,SMR_CCE_WA3,2015-07-31,2015-07-20
Toscana,SMR_CCE_WA3,2015-09-30,2015-09-25
Toscana,SMR_CCE_WA3,2015-11-30,2015-11-17
Toscana,SMR_CCE_WA3,2016-03-31,2016-03-15
Toscana,SMR_CCE_WA3,2016-06-30,2016-06-07
Toscana,SMR_CCE_WA3,2016-07-31,2016-07-06
Toscana,SMR_CCE_WA3,2016-09-30,2016-09-21
Toscana,SMR_CCE_WA3,2016-11-30,2016-11-16
Toscana,SMR_CCE_WA3,2017-05-31,2017-05-30
Toscana,SMR_CCE_WA3,2017-07-31,2017-07-06
Toscana,SMR_CCE_WA3,2017-09-30,2017-09-07
Toscana,SMR_CCE_WA3,2017-12-31,2017-12-04
Toscana,SMR_CCE_WA5,2015-07-31,2015-07-20
Toscana,SMR_CCE_WA5,2015-09-30,2015-09-25
Toscana,SMR_CCE_WA5,2015-11-30,2015-11-17
Toscana,SMR_CCE_WA5,2016-03-31,2016-03-15
Toscana,SMR_CCE_WA5,2016-06-30,2016-06-07
Toscana,SMR_CCE_WA5,2016-07-31,2016-07-06
Toscana,SMR_CCE_WA5,2016-09-30,2016-09-21
Toscana,SMR_CCE_WA5,2016-11-30,2016-11-16
Toscana,SMR_CCE_WA5,2017-05-31,2017-05-30
Toscana,SMR_CCE_WA5,2017-07-31,2017-07-06
Toscana,SMR_CCE_WA5,2017-09-30,2017-09-07
Toscana,SMR_CCE_WA5,2017-12-31,2017-12-04
Toscana,SMR_CFO_WA1,2015-07-31,2015-07-21
Toscana,SMR_CFO_WA1,2015-09-30,2015-09-21
Toscana,SMR_CFO_WA1,2015-11-30,2015-11-19
Toscana,SMR_CFO_WA1,2016-03-31,2016-03-25
Toscana,SMR_CFO_WA1,2016-06-30,2016-06-08
Toscana,SMR_CFO_WA1,2016-07-31,2016-07-08
Toscana,SMR_CFO_WA1,2016-09-30,2016-09-22
Toscana,SMR_CFO_WA1,2016-12-31,2016-12-09
Toscana,SMR_CFO_WA1,2017-06-30,2017-06-06
Toscana,SMR_CFO_WA1,2017-07-31,2017-07-12
Toscana,SMR_CFO_WA1,2017-09-30,2017-09-25
Toscana,SMR_CFO_WA1,2017-11-30,2017-11-17
Toscana,SMR_CFO_WA3,2015-07-31,2015-07-21
Toscana,SMR_CFO_WA3,2015-09-30,2015-09-21
Toscana,SMR_CFO_WA3,2015-11-30,2015-11-19
Toscana,SMR_CFO_WA3,2016-03-31,2016-03-25
Toscana,SMR_CFO_WA3,2016-06-30,2016-06-08
Toscana,SMR_CFO_WA3,2016-07-31,2016-07-08
Toscana,SMR_CFO_WA3,2016-09-30,2016-09-22
Toscana,SMR_CFO_WA3,2016-12-31,2016-12-09
Toscana,SMR_CFO_WA3,2017-06-30,2017-06-06
Toscana,SMR_CFO_WA3,2017-07-31,2017-07-12
Toscana,SMR_CFO_WA3,2017-09-30,2017-09-25
Toscana,SMR_CFO_WA3,2017-11-30,2017-11-17
Toscana,SMR_CFO_WA5,2015-07-31,2015-07-21
Toscana,SMR_CFO_WA5,2015-09-30,2015-09-21
Toscana,SMR_CFO_WA5,2015-11-30,2015-11-19
Toscana,SMR_CFO_WA5,2016-03-31,2016-03-25
Toscana,SMR_CFO_WA5,2016-06-30,2016-06-08
Toscana,SMR_CFO_WA5,2016-07-31,2016-07-08
Toscana,SMR_CFO_WA5,2016-09-30,2016-09-22
Toscana,SMR_CFO_WA5,2016-12-31,2016-12-09
Toscana,SMR_CFO_WA5,2017-06-30,2017-06-06
Toscana,SMR_CFO_WA5,2017-07-31,2017-07-12
Toscana,SMR_CFO_WA5,2017-09-30,2017-09-25
Toscana,SMR_CFO_WA5,2017-11-30,2017-11-17
Toscana,SMR_COM_WA1,2015-07-31,2015-07-23
Toscana,SMR_COM_WA1,2015-09-30,2015-09-08
Toscana,SMR_COM_WA1,2015-12-31,2015-12-02
Toscana,SMR_COM_WA1,2016-04-30,2016-04-07
Toscana,SMR_COM_WA1,2016-05-31,2016-05-05
Toscana,SMR_COM_WA1,2016-07-31,2016-07-07
Toscana,SMR_COM_WA1,2016-09-30,2016-09-27
Toscana,SMR_COM_WA1,2016-12-31,2016-12-06
Toscana,SMR_COM_WA1,2017-06-30,2017-06-14
Toscana,SMR_COM_WA1,2017-07-31,2017-07-18
Toscana,SMR_COM_WA1,2017-09-30,2017-09-29
Toscana,SMR_COM_WA1,2017-11-30,2017-11-21
Toscana,SMR_COM_WA3,2015-07-31,2015-07-23
Toscana,SMR_COM_WA3,2015-09-30,2015-09-08
Toscana,SMR_COM_WA3,2015-12-31,2015-12-02
Toscana,SMR_COM_WA3,2016-04-30,2016-04-07
Toscana,SMR_COM_WA3,2016-05-31,2016-05-05
Toscana,SMR_COM_WA3,2016-07-31,2016-07-07
Toscana,SMR_COM_WA3,2016-09-30,2016-09-27
Toscana,SMR_COM_WA3,2016-12-31,2016-12-06
Toscana,SMR_COM_WA3,2017-06-30,2017-06-14
Toscana,SMR_COM_WA3,2017-07-31,2017-07-18
Toscana,SMR_COM_WA3,2017-09-30,2017-09-29
Toscana,SMR_COM_WA3,2017-11-30,2017-11-21
Toscana,SMR_COM_WA5,2015-07-31,2015-07-23
Toscana,SMR_COM_WA5,2015-09-30,2015-09-08
Toscana,SMR_COM_WA5,2015-12-31,2015-12-02
Toscana,SMR_COM_WA5,2016-04-30,2016-04-07
Toscana,SMR_COM_WA5,2016-05-31,2016-05-05
Toscana,SMR_COM_WA5,2016-07-31,2016-07-07
Toscana,SMR_COM_WA5,2016-09-30,2016-09-27
Toscana,SMR_COM_WA5,2016-12-31,2016-12-06
Toscana,SMR_COM_WA5,2017-06-30,2017-06-14
Toscana,SMR_COM_WA5,2017-07-31,2017-07-18
Toscana,SMR_COM_WA5,2017-09-30,2017-09-29
Toscana,SMR_COM_WA5,2017-11-30,2017-11-21
Toscana,SMR_CPI_WA1,2015-07-31,2015-07-16
Toscana,SMR_CPI_WA1,2015-10-31,2015-10-05
Toscana,SMR_CPI_WA1,2015-11-30,2015-11-12
Toscana,SMR_CPI_WA1,2016-03-31,2016-03-09
Toscana,SMR_CPI_WA1,2016-05-31,2016-05-18
Toscana,SMR_CPI_WA1,2016-07-31,2016-07-05
Toscana,SMR_CPI_WA1,2016-09-30,2016-09-13
Toscana,SMR_CPI_WA1,2016-11-30,2016-11-04
Toscana,SMR_CPI_WA1,2017-05-31,2017-05-24
Toscana,SMR_CPI_WA1,2017-07-31,2017-07-04
Toscana,SMR_CPI_WA1,2017-09-30,2017-09-05
Toscana,SMR_CPI_WA1,2017-11-30,2017-11-07
Toscana,SMR_CPI_WA3,2015-07-31,2015-07-16
Toscana,SMR_CPI_WA3,2015-10-31,2015-10-05
Toscana,SMR_CPI_WA3,2015-11-30,2015-11-12
Toscana,SMR_CPI_WA3,2016-03-31,2016-03-09
Toscana,SMR_CPI_WA3,2016-05-31,2016-05-18
Toscana,SMR_CPI_WA3,2016-07-31,2016-07-05
Toscana,SMR_CPI_WA3,2016-09-30,2016-09-13
Toscana,SMR_CPI_WA3,2016-11-30,2016-11-04
Toscana,SMR_CPI_WA3,2017-05-31,2017-05-24
Toscana,SMR_CPI_WA3,2017-07-31,2017-07-04
Toscana,SMR_CPI_WA3,2017-09-30,2017-09-05
Toscana,SMR_CPI_WA3,2017-11-30,2017-11-07
Toscana,SMR_CPI_WA5,2015-07-31,2015-07-16
Toscana,SMR_CPI_WA5,2015-10-31,2015-10-05
Toscana,SMR_CPI_WA5,2015-11-30,2015-11-12
Toscana,SMR_CPI_WA5,2016-03-31,2016-03-09
Toscana,SMR_CPI_WA5,2016-05-31,2016-05-18
Toscana,SMR_CPI_WA5,2016-07-31,2016-07-05
Toscana,SMR_CPI_WA5,2016-09-30,2016-09-13
Toscana,SMR_CPI_WA5,2016-11-30,2016-11-04
Toscana,SMR_CPI_WA5,2017-05-31,2017-05-24
Toscana,SMR_CPI_WA5,2017-07-31,2017-07-04
Toscana,SMR_CPI_WA5,2017-09-30,2017-09-05
Toscana,SMR_CPI_WA5,2017-11-30,2017-11-07
Veneto,50530,2016-01-31,2016-01-19
Veneto,50530,2016-04-30,2016-04-30
Veneto,50530,2016-05-31,2016-05-18
Veneto,50530,2016-07-31,2016-07-05
Veneto,50530,2016-09-30,2016-09-05
Veneto,50530,2016-11-30,2016-11-10
Veneto,50530,2017-01-31,2017-01-23
Veneto,50530,2017-03-31,2017-03-08
Veneto,50530,2017-05-31,2017-05-16
Veneto,50530,2017-07-31,2017-07-24
Veneto,50530,2017-09-30,2017-09-14
Veneto,50530,2017-11-30,2017-11-28
Veneto,50720,2016-01-31,2016-01-20
Veneto,50720,2016-05-31,2016-05-17
Veneto,50720,2016-07-31,2016-07-05
Veneto,50720,2016-09-30,2016-09-05
Veneto,50720,2016-11-30,2016-11-10
Veneto,50720,2017-01-31,2017-01-23
Veneto,50720,2017-03-31,2017-03-10
Veneto,50720,2017-05-31,2017-05-16
Veneto,50720,2017-07-31,2017-07-25
Veneto,50720,2017-09-30,2017-09-22
Veneto,50720,2017-11-30,2017-11-28
Veneto,60530,2016-01-31,2016-01-19
Veneto,60530,2016-04-30,2016-04-30
Veneto,60530,2016-05-31,2016-05-18
Veneto,60530,2016-07-31,2016-07-05
Veneto,60530,2016-09-30,2016-09-05
Veneto,60530,2016-11-30,2016-11-10
Veneto,60530,2017-01-31,2017-01-23
Veneto,60530,2017-03-31,2017-03-08
Veneto,60530,2017-05-31,2017-05-16
Veneto,60530,2017-07-31,2017-07-24
Veneto,60530,2017-09-30,2017-09-14
Veneto,60530,2017-11-30,2017-11-28
Veneto,60720,2016-01-31,2016-01-20
Veneto,60720,2016-05-31,2016-05-17
Veneto,60720,2016-07-31,2016-07-05
Veneto,60720,2016-09-30,2016-09-05
Veneto,60720,2016-11-30,2016-11-10
Veneto,60720,2017-01-31,2017-01-23
Veneto,60720,2017-03-31,2017-03-10
Veneto,60720,2017-05-31,2017-05-16
Veneto,60720,2017-07-31,2017-07-24
Veneto,60720,2017-09-30,2017-09-22
Veneto,60720,2017-11-30,2017-11-28
Veneto,70530,2016-01-31,2016-01-19
Veneto,70530,2016-04-30,2016-04-30
Veneto,70530,2016-05-31,2016-05-18
Veneto,70530,2016-07-31,2016-07-05
Veneto,70530,2016-09-30,2016-09-05
Veneto,70530,2016-11-30,2016-11-10
Veneto,70530,2017-01-31,2017-01-23
Veneto,70530,2017-03-31,2017-03-08
Veneto,70530,2017-05-31,2017-05-16
Veneto,70530,2017-07-31,2017-07-24
Veneto,70530,2017-09-30,2017-09-14
Veneto,70530,2017-11-30,2017-11-28
Veneto,70720,2016-01-31,2016-01-20
Veneto,70720,2016-04-30,2016-04-30
Veneto,70720,2016-05-31,2016-05-17
Veneto,70720,2016-07-31,2016-07-05
Veneto,70720,2016-09-30,2016-09-05
Veneto,70720,2016-11-30,2016-11-10
Veneto,70720,2017-01-31,2017-01-23
Veneto,70720,2017-03-31,2017-03-10
Veneto,70720,2017-05-31,2017-05-16
Veneto,70720,2017-07-31,2017-07-24
Veneto,70720,2017-09-30,2017-09-22
Veneto,70720,2017-11-30,2017-11-28
