id,Date,ward,spectral_1.5_10
0004-MS00200_TR03,2015-08-31,1,1
0004-MS00200_TR03,2015-10-31,0,4
0004-MS00200_TR03,2015-12-31,1,1
0004-MS00200_TR03,2016-01-31,1,1
0004-MS00200_TR03,2016-04-30,2,5
0004-MS00200_TR03,2016-06-30,2,9
0004-MS00200_TR03,2016-07-31,0,1
0004-MS00200_TR03,2016-10-31,1,1
0004-MS00200_TR03,2016-12-31,2,5
0004-MS00200_TR03,2017-06-30,6,6
0004-MS00200_TR03,2017-07-31,6,6
0004-MS00200_TR03,2017-09-30,2,5
0004-MS00200_TR03,2017-11-30,2,5
0004-MS00200_TR06,2015-08-31,6,6
0004-MS00200_TR06,2015-10-31,6,6
0004-MS00200_TR06,2015-12-31,6,6
0004-MS00200_TR06,2016-01-31,1,1
0004-MS00200_TR06,2016-04-30,6,1
0004-MS00200_TR06,2016-06-30,6,6
0004-MS00200_TR06,2016-07-31,1,6
0004-MS00200_TR06,2016-10-31,1,6
0004-MS00200_TR06,2016-12-31,6,6
0004-MS00200_TR06,2017-06-30,6,6
0004-MS00200_TR06,2017-07-31,6,6
0004-MS00200_TR06,2017-09-30,6,6
0004-MS00200_TR06,2017-11-30,6,6
0004-MS00200_TR12,2015-10-31,6,6
0004-MS00200_TR12,2015-12-31,6,6
0004-MS00200_TR12,2016-01-31,1,1
0004-MS00200_TR12,2016-04-30,6,6
0004-MS00200_TR12,2016-06-30,6,6
0004-MS00200_TR12,2016-07-31,1,1
0004-MS00200_TR12,2016-10-31,1,1
0004-MS00200_TR12,2016-12-31,6,6
0004-MS00200_TR12,2017-06-30,6,6
0004-MS00200_TR12,2017-07-31,6,6
0004-MS00200_TR12,2017-09-30,6,6
0004-MS00200_TR12,2017-11-30,6,6
0018-MS00110_TR03,2015-08-31,1,1
0018-MS00110_TR03,2015-12-31,1,5
0018-MS00110_TR03,2016-02-29,1,1
0018-MS00110_TR03,2016-04-30,2,2
0018-MS00110_TR03,2016-06-30,2,5
0018-MS00110_TR03,2016-07-31,2,5
0018-MS00110_TR03,2016-09-30,1,1
0018-MS00110_TR03,2016-12-31,1,5
0018-MS00110_TR03,2017-05-31,2,5
0018-MS00110_TR03,2017-07-31,6,6
0018-MS00110_TR03,2017-09-30,1,5
0018-MS00110_TR03,2017-11-30,2,5
0018-MS00110_TR06,2015-08-31,6,6
0018-MS00110_TR06,2015-10-31,6,6
0018-MS00110_TR06,2015-12-31,6,6
0018-MS00110_TR06,2016-02-29,1,1
0018-MS00110_TR06,2016-04-30,1,1
0018-MS00110_TR06,2016-06-30,6,6
0018-MS00110_TR06,2016-07-31,1,5
0018-MS00110_TR06,2016-09-30,1,1
0018-MS00110_TR06,2016-12-31,6,6
0018-MS00110_TR06,2017-05-31,6,6
0018-MS00110_TR06,2017-07-31,6,6
0018-MS00110_TR06,2017-09-30,6,6
0018-MS00110_TR06,2017-11-30,6,6
0018-MS00110_TR12,2015-08-31,1,1
0018-MS00110_TR12,2015-10-31,6,6
0018-MS00110_TR12,2015-12-31,6,1
0018-MS00110_TR12,2016-02-29,1,1
0018-MS00110_TR12,2016-04-30,1,5
0018-MS00110_TR12,2016-06-30,6,6
0018-MS00110_TR12,2016-07-31,6,6
0018-MS00110_TR12,2016-09-30,1,1
0018-MS00110_TR12,2016-12-31,0,2
0018-MS00110_TR12,2017-05-31,6,6
0018-MS00110_TR12,2017-07-31,6,6
0018-MS00110_TR12,2017-09-30,6,6
0018-MS00110_TR12,2017-11-30,6,6
0073-MS00370_TR03,2015-07-31,1,5
0073-MS00370_TR03,2015-11-30,1,5
0073-MS00370_TR03,2016-04-30,1,1
0073-MS00370_TR03,2016-06-30,6,2
0073-MS00370_TR03,2016-08-31,1,6
0073-MS00370_TR03,2016-09-30,1,6
0073-MS00370_TR03,2017-04-30,2,9
0073-MS00370_TR03,2017-07-31,1,5
0073-MS00370_TR03,2017-09-30,2,5
0073-MS00370_TR03,2017-12-31,6,1
0073-MS00370_TR06,2015-07-31,6,6
0073-MS00370_TR06,2015-11-30,6,1
0073-MS00370_TR06,2016-04-30,1,9
0073-MS00370_TR06,2016-06-30,6,6
0073-MS00370_TR06,2016-08-31,1,6
0073-MS00370_TR06,2016-09-30,0,6
0073-MS00370_TR06,2017-04-30,6,9
0073-MS00370_TR06,2017-07-31,6,6
0073-MS00370_TR06,2017-09-30,6,6
0073-MS00370_TR06,2017-12-31,6,6
0073-MS00370_TR12,2015-07-31,6,6
0073-MS00370_TR12,2015-11-30,6,6
0073-MS00370_TR12,2016-06-30,6,9
0073-MS00370_TR12,2016-09-30,1,6
0073-MS00370_TR12,2017-04-30,6,9
0073-MS00370_TR12,2017-07-31,6,6
0073-MS00370_TR12,2017-09-30,6,6
0073-MS00370_TR12,2017-12-31,6,6
0129-MS00730_TR03,2015-08-31,4,3
0129-MS00730_TR03,2015-10-31,4,3
0129-MS00730_TR03,2015-11-30,4,3
0129-MS00730_TR03,2016-01-31,2,5
0129-MS00730_TR03,2016-03-31,2,9
0129-MS00730_TR03,2016-05-31,4,3
0129-MS00730_TR03,2016-07-31,1,1
0129-MS00730_TR03,2016-09-30,1,1
0129-MS00730_TR03,2016-12-31,4,9
0129-MS00730_TR03,2017-01-31,2,9
0129-MS00730_TR03,2017-03-31,2,3
0129-MS00730_TR03,2017-05-31,2,5
0129-MS00730_TR03,2017-07-31,2,5
0129-MS00730_TR03,2017-09-30,6,9
0129-MS00730_TR03,2017-12-31,2,9
0129-MS00730_TR06,2015-08-31,4,3
0129-MS00730_TR06,2015-10-31,4,3
0129-MS00730_TR06,2015-11-30,4,3
0129-MS00730_TR06,2016-01-31,6,6
0129-MS00730_TR06,2016-03-31,2,9
0129-MS00730_TR06,2016-05-31,4,4
0129-MS00730_TR06,2016-07-31,1,1
0129-MS00730_TR06,2016-09-30,1,1
0129-MS00730_TR06,2016-12-31,4,3
0129-MS00730_TR06,2017-01-31,4,9
0129-MS00730_TR06,2017-03-31,2,9
0129-MS00730_TR06,2017-05-31,6,6
0129-MS00730_TR06,2017-07-31,6,6
0129-MS00730_TR06,2017-09-30,6,9
0129-MS00730_TR06,2017-12-31,6,6
0129-MS00730_TR12,2015-08-31,4,3
0129-MS00730_TR12,2015-10-31,4,3
0129-MS00730_TR12,2015-11-30,6,6
0129-MS00730_TR12,2016-01-31,6,6
0129-MS00730_TR12,2016-03-31,4,9
0129-MS00730_TR12,2016-05-31,4,3
0129-MS00730_TR12,2016-07-31,1,1
0129-MS00730_TR12,2016-09-30,1,1
0129-MS00730_TR12,2016-12-31,4,6
0129-MS00730_TR12,2017-01-31,4,9
0129-MS00730_TR12,2017-03-31,2,3
0129-MS00730_TR12,2017-05-31,6,6
0129-MS00730_TR12,2017-07-31,6,6
0129-MS00730_TR12,2017-09-30,6,6
0129-MS00730_TR12,2017-12-31,6,6
0182-MS01070_TR03,2015-07-31,0,2
0182-MS01070_TR03,2015-09-30,4,3
0182-MS01070_TR03,2015-11-30,4,3
0182-MS01070_TR03,2016-01-31,6,9
0182-MS01070_TR03,2016-06-30,4,3
0182-MS01070_TR03,2016-07-31,1,1
0182-MS01070_TR03,2016-10-31,1,6
0182-MS01070_TR03,2016-11-30,4,3
0182-MS01070_TR03,2017-01-31,4,4
0182-MS01070_TR03,2017-03-31,2,3
0182-MS01070_TR03,2017-05-31,6,6
0182-MS01070_TR03,2017-07-31,2,5
0182-MS01070_TR03,2017-09-30,4,3
0182-MS01070_TR03,2017-11-30,4,4
0182-MS01070_TR06,2015-07-31,4,3
0182-MS01070_TR06,2015-09-30,4,3
0182-MS01070_TR06,2015-11-30,4,3
0182-MS01070_TR06,2016-01-31,6,6
0182-MS01070_TR06,2016-06-30,2,9
0182-MS01070_TR06,2016-07-31,1,6
0182-MS01070_TR06,2016-10-31,1,1
0182-MS01070_TR06,2016-11-30,4,3
0182-MS01070_TR06,2017-01-31,4,9
0182-MS01070_TR06,2017-03-31,2,9
0182-MS01070_TR06,2017-05-31,6,6
0182-MS01070_TR06,2017-07-31,6,6
0182-MS01070_TR06,2017-09-30,4,3
0182-MS01070_TR06,2017-11-30,4,9
0182-MS01070_TR12,2015-07-31,4,3
0182-MS01070_TR12,2015-09-30,4,3
0182-MS01070_TR12,2015-11-30,6,6
0182-MS01070_TR12,2016-01-31,6,9
0182-MS01070_TR12,2016-06-30,2,9
0182-MS01070_TR12,2016-07-31,1,1
0182-MS01070_TR12,2016-10-31,1,1
0182-MS01070_TR12,2016-11-30,4,9
0182-MS01070_TR12,2017-01-31,4,9
0182-MS01070_TR12,2017-03-31,2,9
0182-MS01070_TR12,2017-05-31,6,6
0182-MS01070_TR12,2017-07-31,6,6
0182-MS01070_TR12,2017-09-30,4,3
0182-MS01070_TR12,2017-11-30,4,3
0192-MS01200_TR03,2015-08-31,4,3
0192-MS01200_TR03,2015-10-31,4,3
0192-MS01200_TR03,2015-12-31,4,3
0192-MS01200_TR03,2016-01-31,6,9
0192-MS01200_TR03,2016-04-30,2,9
0192-MS01200_TR03,2016-07-31,1,1
0192-MS01200_TR03,2016-09-30,1,1
0192-MS01200_TR03,2016-11-30,4,3
0192-MS01200_TR03,2017-02-28,4,3
0192-MS01200_TR03,2017-03-31,2,3
0192-MS01200_TR03,2017-05-31,4,3
0192-MS01200_TR03,2017-07-31,4,3
0192-MS01200_TR03,2017-09-30,4,3
0192-MS01200_TR03,2017-11-30,4,3
0192-MS01200_TR06,2015-08-31,4,3
0192-MS01200_TR06,2015-10-31,4,3
0192-MS01200_TR06,2015-12-31,4,3
0192-MS01200_TR06,2016-01-31,6,6
0192-MS01200_TR06,2016-04-30,2,9
0192-MS01200_TR06,2016-07-31,1,1
0192-MS01200_TR06,2016-09-30,1,1
0192-MS01200_TR06,2016-11-30,4,3
0192-MS01200_TR06,2017-02-28,4,6
0192-MS01200_TR06,2017-03-31,4,3
0192-MS01200_TR06,2017-05-31,4,3
0192-MS01200_TR06,2017-07-31,4,3
0192-MS01200_TR06,2017-09-30,4,3
0192-MS01200_TR06,2017-11-30,4,3
0192-MS01200_TR12,2015-08-31,4,3
0192-MS01200_TR12,2015-10-31,4,3
0192-MS01200_TR12,2015-12-31,2,9
0192-MS01200_TR12,2016-01-31,6,6
0192-MS01200_TR12,2016-04-30,2,9
0192-MS01200_TR12,2016-07-31,1,6
0192-MS01200_TR12,2016-09-30,1,6
0192-MS01200_TR12,2016-11-30,6,6
0192-MS01200_TR12,2017-02-28,4,9
0192-MS01200_TR12,2017-03-31,6,9
0192-MS01200_TR12,2017-05-31,2,9
0192-MS01200_TR12,2017-07-31,4,3
0192-MS01200_TR12,2017-09-30,4,3
0192-MS01200_TR12,2017-11-30,4,3
0222-MS01380_TR03,2015-08-31,0,5
0222-MS01380_TR03,2015-10-31,1,1
0222-MS01380_TR03,2015-12-31,3,8
0222-MS01380_TR03,2016-06-30,7,5
0222-MS01380_TR03,2016-08-31,1,1
0222-MS01380_TR03,2016-10-31,0,1
0222-MS01380_TR03,2016-12-31,2,9
0222-MS01380_TR03,2017-03-31,2,5
0222-MS01380_TR03,2017-05-31,6,9
0222-MS01380_TR03,2017-07-31,6,6
0222-MS01380_TR03,2017-09-30,2,5
0222-MS01380_TR03,2017-12-31,2,9
0222-MS01380_TR06,2015-08-31,0,1
0222-MS01380_TR06,2015-10-31,6,6
0222-MS01380_TR06,2015-12-31,1,1
0222-MS01380_TR06,2016-06-30,6,6
0222-MS01380_TR06,2016-08-31,1,1
0222-MS01380_TR06,2016-10-31,1,1
0222-MS01380_TR06,2016-12-31,6,6
0222-MS01380_TR06,2017-03-31,6,6
0222-MS01380_TR06,2017-05-31,6,6
0222-MS01380_TR06,2017-07-31,6,6
0222-MS01380_TR06,2017-09-30,6,6
0222-MS01380_TR06,2017-12-31,6,9
0222-MS01380_TR12,2015-08-31,6,1
0222-MS01380_TR12,2015-10-31,1,1
0222-MS01380_TR12,2015-12-31,1,1
0222-MS01380_TR12,2016-06-30,6,6
0222-MS01380_TR12,2016-08-31,1,1
0222-MS01380_TR12,2016-10-31,1,1
0222-MS01380_TR12,2016-12-31,6,6
0222-MS01380_TR12,2017-03-31,6,6
0222-MS01380_TR12,2017-05-31,6,6
0222-MS01380_TR12,2017-07-31,6,6
0222-MS01380_TR12,2017-09-30,6,6
0222-MS01380_TR12,2017-12-31,6,6
1004,2015-07-31,5,4
1004,2015-08-31,0,8
1004,2015-09-30,0,4
1004,2015-10-31,1,1
1004,2015-11-30,3,8
1004,2015-12-31,8,0
1004,2016-01-31,2,0
1004,2016-02-29,8,0
1004,2016-03-31,8,0
1004,2016-04-30,8,0
1004,2016-05-31,0,2
1004,2016-06-30,1,1
1004,2016-07-31,0,2
1004,2016-08-31,5,4
1004,2016-09-30,0,7
1004,2016-10-31,0,2
1004,2016-11-30,0,1
1004,2016-12-31,1,1
1004,2017-01-31,1,1
1004,2017-02-28,1,1
1004,2017-03-31,8,0
1004,2017-04-30,5,4
1004,2017-05-31,8,0
1004,2017-06-30,1,1
1004,2017-07-31,5,4
1004,2017-08-31,0,7
1004,2017-09-30,5,4
1004,2017-10-31,0,0
1004,2017-11-30,1,1
1004,2017-12-31,2,9
1014,2015-07-31,5,4
1014,2015-08-31,0,8
1014,2015-09-30,2,9
1014,2015-10-31,3,8
1014,2015-11-30,3,8
1014,2015-12-31,8,0
1014,2016-01-31,0,0
1014,2016-02-29,8,0
1014,2016-03-31,8,0
1014,2016-04-30,0,2
1014,2016-05-31,2,9
1014,2016-06-30,0,2
1014,2016-07-31,0,2
1014,2016-08-31,0,7
1014,2016-09-30,5,7
1014,2016-10-31,5,7
1014,2016-11-30,0,1
1014,2016-12-31,1,5
1014,2017-01-31,8,0
1014,2017-02-28,8,0
1014,2017-03-31,8,0
1014,2017-04-30,5,4
1014,2017-05-31,5,4
1014,2017-06-30,1,1
1014,2017-07-31,1,5
1014,2017-08-31,0,2
1014,2017-09-30,0,7
1014,2017-10-31,5,4
1014,2017-11-30,1,1
1014,2017-12-31,2,9
1017,2015-07-31,7,8
1017,2015-08-31,0,8
1017,2015-09-30,0,8
1017,2015-10-31,0,7
1017,2015-11-30,3,8
1017,2015-12-31,8,0
1017,2016-01-31,0,0
1017,2016-02-29,8,0
1017,2016-03-31,8,0
1017,2016-04-30,0,7
1017,2016-05-31,0,2
1017,2016-06-30,0,2
1017,2016-07-31,0,2
1017,2016-08-31,0,7
1017,2016-09-30,5,4
1017,2016-10-31,0,1
1017,2016-11-30,0,4
1017,2016-12-31,1,1
1017,2017-01-31,8,0
1017,2017-02-28,8,0
1017,2017-03-31,8,0
1017,2017-04-30,5,4
1017,2017-05-31,5,9
1017,2017-06-30,1,1
1017,2017-07-31,0,2
1017,2017-08-31,0,7
1017,2017-09-30,0,7
1017,2017-10-31,5,4
1017,2017-11-30,1,1
1017,2017-12-31,2,9
1CA02bis,2015-08-31,2,2
1CA02bis,2015-10-31,0,7
1CA02bis,2015-11-30,0,4
1CA02bis,2016-01-31,0,9
1CA02bis,2016-03-31,0,9
1CA02bis,2016-05-31,4,3
1CA02bis,2016-07-31,0,2
1CA02bis,2016-09-30,2,2
1CA02bis,2016-11-30,4,3
1CA02bis,2017-02-28,8,0
1CA02bis,2017-03-31,2,7
1CA02bis,2017-05-31,2,9
1CA02bis,2017-07-31,2,9
1CA02bis,2017-10-31,4,7
1CA02bis,2017-11-30,2,9
1CA03,2015-08-31,0,9
1CA03,2015-10-31,0,8
1CA03,2015-11-30,0,9
1CA03,2016-01-31,0,9
1CA03,2016-03-31,0,9
1CA03,2016-05-31,4,3
1CA03,2016-07-31,4,3
1CA03,2016-09-30,2,9
1CA03,2016-11-30,4,3
1CA03,2017-02-28,8,0
1CA03,2017-03-31,2,9
1CA03,2017-05-31,2,9
1CA03,2017-07-31,2,9
1CA03,2017-10-31,4,7
1CA03,2017-11-30,2,9
1CA04,2015-08-31,0,9
1CA04,2015-10-31,0,9
1CA04,2015-11-30,0,3
1CA04,2016-01-31,4,3
1CA04,2016-03-31,2,9
1CA04,2016-05-31,4,3
1CA04,2016-07-31,2,9
1CA04,2016-09-30,2,9
1CA04,2016-11-30,4,3
1CA04,2017-02-28,8,0
1CA04,2017-03-31,2,9
1CA04,2017-05-31,2,9
1CA04,2017-07-31,2,9
1CA04,2017-10-31,4,7
1CA04,2017-11-30,2,9
1E_MS_CH_12,2015-07-31,5,4
1E_MS_CH_12,2015-09-30,0,2
1E_MS_CH_12,2015-12-31,0,2
1E_MS_CH_12,2016-01-31,0,8
1E_MS_CH_12,2016-02-29,0,0
1E_MS_CH_12,2016-03-31,0,0
1E_MS_CH_12,2016-04-30,0,2
1E_MS_CH_12,2016-05-31,0,2
1E_MS_CH_12,2016-06-30,0,2
1E_MS_CH_12,2016-07-31,0,2
1E_MS_CH_12,2016-08-31,3,8
1E_MS_CH_12,2016-11-30,0,4
1E_MS_CH_12,2016-12-31,0,4
1E_MS_CH_12,2017-03-31,0,4
1E_MS_CH_12,2017-04-30,0,4
1E_MS_CH_12,2017-05-31,0,0
1E_MS_CH_12,2017-07-31,5,4
1E_MS_CH_12,2017-09-30,0,7
1E_MS_CH_12,2017-10-31,0,7
1E_MS_CH_12,2017-11-30,0,1
1E_MS_CH_12,2017-12-31,0,2
1E_MS_CH_3,2015-07-31,0,2
1E_MS_CH_3,2015-09-30,0,2
1E_MS_CH_3,2015-12-31,0,2
1E_MS_CH_3,2016-01-31,0,0
1E_MS_CH_3,2016-02-29,0,4
1E_MS_CH_3,2016-03-31,0,0
1E_MS_CH_3,2016-04-30,0,2
1E_MS_CH_3,2016-05-31,0,2
1E_MS_CH_3,2016-06-30,0,1
1E_MS_CH_3,2016-07-31,0,2
1E_MS_CH_3,2016-08-31,3,8
1E_MS_CH_3,2016-11-30,0,4
1E_MS_CH_3,2016-12-31,0,0
1E_MS_CH_3,2017-03-31,0,8
1E_MS_CH_3,2017-04-30,0,2
1E_MS_CH_3,2017-05-31,0,8
1E_MS_CH_3,2017-07-31,0,2
1E_MS_CH_3,2017-09-30,0,2
1E_MS_CH_3,2017-10-31,0,7
1E_MS_CH_3,2017-11-30,0,2
1E_MS_CH_3,2017-12-31,0,2
1E_MS_CH_6,2015-07-31,0,2
1E_MS_CH_6,2015-09-30,0,2
1E_MS_CH_6,2015-12-31,0,8
1E_MS_CH_6,2016-01-31,0,8
1E_MS_CH_6,2016-02-29,0,0
1E_MS_CH_6,2016-03-31,0,0
1E_MS_CH_6,2016-04-30,0,2
1E_MS_CH_6,2016-05-31,0,2
1E_MS_CH_6,2016-06-30,0,2
1E_MS_CH_6,2016-07-31,0,2
1E_MS_CH_6,2016-08-31,3,8
1E_MS_CH_6,2016-11-30,0,4
1E_MS_CH_6,2016-12-31,0,0
1E_MS_CH_6,2017-03-31,0,4
1E_MS_CH_6,2017-04-30,0,2
1E_MS_CH_6,2017-05-31,0,2
1E_MS_CH_6,2017-07-31,0,2
1E_MS_CH_6,2017-09-30,0,2
1E_MS_CH_6,2017-10-31,0,7
1E_MS_CH_6,2017-11-30,0,2
1E_MS_CH_6,2017-12-31,0,2
1E_MS_ES_12,2015-07-31,0,2
1E_MS_ES_12,2015-09-30,0,2
1E_MS_ES_12,2015-12-31,3,8
1E_MS_ES_12,2016-01-31,0,8
1E_MS_ES_12,2016-02-29,0,2
1E_MS_ES_12,2016-03-31,0,8
1E_MS_ES_12,2016-04-30,0,2
1E_MS_ES_12,2016-05-31,0,2
1E_MS_ES_12,2016-06-30,0,0
1E_MS_ES_12,2016-07-31,0,2
1E_MS_ES_12,2016-08-31,3,8
1E_MS_ES_12,2016-11-30,0,4
1E_MS_ES_12,2016-12-31,0,4
1E_MS_ES_12,2017-03-31,0,6
1E_MS_ES_12,2017-04-30,0,2
1E_MS_ES_12,2017-05-31,0,2
1E_MS_ES_12,2017-07-31,5,4
1E_MS_ES_12,2017-09-30,0,8
1E_MS_ES_12,2017-10-31,3,8
1E_MS_ES_12,2017-11-30,3,8
1E_MS_ES_12,2017-12-31,0,2
1E_MS_ES_3,2015-07-31,0,2
1E_MS_ES_3,2015-09-30,0,2
1E_MS_ES_3,2015-12-31,0,0
1E_MS_ES_3,2016-01-31,0,0
1E_MS_ES_3,2016-02-29,7,8
1E_MS_ES_3,2016-03-31,3,8
1E_MS_ES_3,2016-04-30,0,2
1E_MS_ES_3,2016-05-31,0,0
1E_MS_ES_3,2016-06-30,0,2
1E_MS_ES_3,2016-07-31,0,2
1E_MS_ES_3,2016-08-31,3,8
1E_MS_ES_3,2016-11-30,0,8
1E_MS_ES_3,2016-12-31,0,0
1E_MS_ES_3,2017-03-31,0,4
1E_MS_ES_3,2017-04-30,0,8
1E_MS_ES_3,2017-05-31,0,2
1E_MS_ES_3,2017-07-31,0,0
1E_MS_ES_3,2017-09-30,0,8
1E_MS_ES_3,2017-10-31,3,8
1E_MS_ES_3,2017-11-30,3,8
1E_MS_ES_3,2017-12-31,0,8
1E_MS_ES_6,2015-07-31,0,2
1E_MS_ES_6,2015-09-30,0,2
1E_MS_ES_6,2015-12-31,0,7
1E_MS_ES_6,2016-01-31,0,8
1E_MS_ES_6,2016-02-29,0,2
1E_MS_ES_6,2016-03-31,0,8
1E_MS_ES_6,2016-04-30,0,2
1E_MS_ES_6,2016-05-31,0,0
1E_MS_ES_6,2016-06-30,0,2
1E_MS_ES_6,2016-07-31,0,2
1E_MS_ES_6,2016-08-31,3,8
1E_MS_ES_6,2016-11-30,0,8
1E_MS_ES_6,2016-12-31,0,0
1E_MS_ES_6,2017-03-31,0,2
1E_MS_ES_6,2017-04-30,0,4
1E_MS_ES_6,2017-05-31,0,4
1E_MS_ES_6,2017-07-31,0,0
1E_MS_ES_6,2017-09-30,0,8
1E_MS_ES_6,2017-10-31,3,8
1E_MS_ES_6,2017-11-30,3,8
1E_MS_ES_6,2017-12-31,0,2
1_ABR_GU04,2015-07-31,0,2
1_ABR_GU04,2015-09-30,3,8
1_ABR_GU04,2015-11-30,0,8
1_ABR_GU04,2016-01-31,0,0
1_ABR_GU04,2016-03-31,0,8
1_ABR_GU04,2016-06-30,0,2
1_ABR_GU04,2016-07-31,0,2
1_ABR_GU04,2016-09-30,3,8
1_ABR_GU04,2017-02-28,0,0
1_ABR_GU04,2017-03-31,3,8
1_ABR_GU04,2017-06-30,0,2
1_ABR_GU04,2017-07-31,0,2
1_ABR_GU04,2017-10-31,3,8
1_ABR_GU04,2017-11-30,0,8
1_ABR_GU05,2015-07-31,0,2
1_ABR_GU05,2015-09-30,3,8
1_ABR_GU05,2015-11-30,0,8
1_ABR_GU05,2016-01-31,0,0
1_ABR_GU05,2016-03-31,0,8
1_ABR_GU05,2016-06-30,0,2
1_ABR_GU05,2016-07-31,0,2
1_ABR_GU05,2016-09-30,3,8
1_ABR_GU05,2017-02-28,0,0
1_ABR_GU05,2017-03-31,3,8
1_ABR_GU05,2017-06-30,0,8
1_ABR_GU05,2017-07-31,0,2
1_ABR_GU05,2017-10-31,3,8
1_ABR_GU05,2017-11-30,0,8
1_ABR_GU06,2015-07-31,0,1
1_ABR_GU06,2015-09-30,3,8
1_ABR_GU06,2015-11-30,0,8
1_ABR_GU06,2016-01-31,0,2
1_ABR_GU06,2016-03-31,0,8
1_ABR_GU06,2016-06-30,0,2
1_ABR_GU06,2016-07-31,0,2
1_ABR_GU06,2016-09-30,3,8
1_ABR_GU06,2017-02-28,0,0
1_ABR_GU06,2017-03-31,3,8
1_ABR_GU06,2017-06-30,0,2
1_ABR_GU06,2017-07-31,0,2
1_ABR_GU06,2017-10-31,3,8
1_ABR_GU06,2017-11-30,0,8
1_ABR_VA13,2015-07-31,0,2
1_ABR_VA13,2015-09-30,3,8
1_ABR_VA13,2015-11-30,0,8
1_ABR_VA13,2016-01-31,0,8
1_ABR_VA13,2016-03-31,0,8
1_ABR_VA13,2016-06-30,0,2
1_ABR_VA13,2016-07-31,0,2
1_ABR_VA13,2016-09-30,3,8
1_ABR_VA13,2016-11-30,3,8
1_ABR_VA13,2017-02-28,0,8
1_ABR_VA13,2017-03-31,3,8
1_ABR_VA13,2017-05-31,0,2
1_ABR_VA13,2017-08-31,0,2
1_ABR_VA13,2017-10-31,3,8
1_ABR_VA13,2017-12-31,0,8
1_ABR_VA14,2015-07-31,0,2
1_ABR_VA14,2015-09-30,3,8
1_ABR_VA14,2015-11-30,0,8
1_ABR_VA14,2016-01-31,0,0
1_ABR_VA14,2016-03-31,0,8
1_ABR_VA14,2016-06-30,0,2
1_ABR_VA14,2016-07-31,0,2
1_ABR_VA14,2016-09-30,3,8
1_ABR_VA14,2016-11-30,3,8
1_ABR_VA14,2017-02-28,0,8
1_ABR_VA14,2017-03-31,3,8
1_ABR_VA14,2017-05-31,0,2
1_ABR_VA14,2017-08-31,0,2
1_ABR_VA14,2017-10-31,3,8
1_ABR_VA14,2017-12-31,0,8
1_ABR_VA15,2015-07-31,0,2
1_ABR_VA15,2015-09-30,3,8
1_ABR_VA15,2015-11-30,0,8
1_ABR_VA15,2016-01-31,0,8
1_ABR_VA15,2016-03-31,0,8
1_ABR_VA15,2016-06-30,0,2
1_ABR_VA15,2016-07-31,0,2
1_ABR_VA15,2016-09-30,3,8
1_ABR_VA15,2016-11-30,3,8
1_ABR_VA15,2017-02-28,0,2
1_ABR_VA15,2017-03-31,3,8
1_ABR_VA15,2017-05-31,0,2
1_ABR_VA15,2017-08-31,0,2
1_ABR_VA15,2017-10-31,3,8
1_ABR_VA15,2017-12-31,0,8
2004,2015-07-31,5,4
2004,2015-08-31,0,8
2004,2015-09-30,3,8
2004,2015-10-31,2,9
2004,2015-11-30,3,8
2004,2015-12-31,0,0
2004,2016-01-31,2,9
2004,2016-02-29,8,0
2004,2016-03-31,8,0
2004,2016-04-30,8,0
2004,2016-05-31,0,2
2004,2016-06-30,0,2
2004,2016-07-31,0,2
2004,2016-08-31,0,2
2004,2016-09-30,5,4
2004,2016-10-31,5,4
2004,2016-11-30,0,1
2004,2016-12-31,1,1
2004,2017-01-31,1,1
2004,2017-02-28,5,4
2004,2017-03-31,8,0
2004,2017-04-30,0,4
2004,2017-05-31,2,9
2004,2017-06-30,1,1
2004,2017-07-31,1,1
2004,2017-08-31,0,7
2004,2017-09-30,5,4
2004,2017-10-31,5,4
2004,2017-11-30,1,1
2004,2017-12-31,2,9
2014,2015-07-31,5,4
2014,2015-08-31,0,8
2014,2015-09-30,3,8
2014,2015-10-31,0,7
2014,2015-11-30,3,8
2014,2015-12-31,0,0
2014,2016-01-31,0,0
2014,2016-02-29,8,0
2014,2016-03-31,8,0
2014,2016-04-30,0,7
2014,2016-05-31,0,2
2014,2016-06-30,0,2
2014,2016-07-31,0,2
2014,2016-08-31,0,7
2014,2016-09-30,0,7
2014,2016-10-31,5,4
2014,2016-11-30,0,1
2014,2016-12-31,1,1
2014,2017-01-31,8,0
2014,2017-02-28,8,0
2014,2017-03-31,8,0
2014,2017-04-30,5,4
2014,2017-05-31,2,9
2014,2017-06-30,1,9
2014,2017-07-31,1,4
2014,2017-08-31,0,7
2014,2017-09-30,0,7
2014,2017-10-31,5,4
2014,2017-11-30,1,1
2014,2017-12-31,2,9
2017,2015-07-31,7,5
2017,2015-08-31,0,8
2017,2015-09-30,0,8
2017,2015-10-31,0,7
2017,2015-11-30,3,8
2017,2015-12-31,0,0
2017,2016-01-31,0,0
2017,2016-02-29,8,0
2017,2016-03-31,8,0
2017,2016-04-30,0,2
2017,2016-05-31,0,2
2017,2016-06-30,0,2
2017,2016-07-31,0,2
2017,2016-08-31,0,2
2017,2016-09-30,0,4
2017,2016-10-31,5,4
2017,2016-11-30,0,4
2017,2016-12-31,1,1
2017,2017-01-31,1,0
2017,2017-02-28,8,0
2017,2017-03-31,8,0
2017,2017-04-30,5,4
2017,2017-05-31,2,9
2017,2017-06-30,4,3
2017,2017-07-31,0,2
2017,2017-08-31,0,7
2017,2017-09-30,0,7
2017,2017-10-31,5,4
2017,2017-11-30,0,7
2017,2017-12-31,2,9
3FO02bis,2015-08-31,0,2
3FO02bis,2015-10-31,0,9
3FO02bis,2015-11-30,0,7
3FO02bis,2016-01-31,2,9
3FO02bis,2016-03-31,2,9
3FO02bis,2016-05-31,4,3
3FO02bis,2016-07-31,0,2
3FO02bis,2016-09-30,2,3
3FO02bis,2016-11-30,4,3
3FO02bis,2017-02-28,2,9
3FO02bis,2017-03-31,2,7
3FO02bis,2017-05-31,2,9
3FO02bis,2017-07-31,2,9
3FO02bis,2017-10-31,4,3
3FO02bis,2017-11-30,4,3
3FO03,2015-08-31,0,2
3FO03,2015-10-31,3,8
3FO03,2015-11-30,0,9
3FO03,2016-01-31,2,9
3FO03,2016-03-31,2,3
3FO03,2016-05-31,4,3
3FO03,2016-07-31,2,9
3FO03,2016-09-30,2,7
3FO03,2016-11-30,2,9
3FO03,2017-02-28,2,9
3FO03,2017-03-31,2,7
3FO03,2017-05-31,2,9
3FO03,2017-07-31,2,9
3FO03,2017-10-31,4,3
3FO03,2017-11-30,2,9
3FO04,2015-08-31,0,2
3FO04,2015-10-31,3,8
3FO04,2015-11-30,2,9
3FO04,2016-01-31,4,3
3FO04,2016-03-31,2,9
3FO04,2016-05-31,4,3
3FO04,2016-07-31,0,2
3FO04,2016-09-30,2,7
3FO04,2016-11-30,2,9
3FO04,2017-02-28,2,9
3FO04,2017-03-31,2,7
3FO04,2017-05-31,2,9
3FO04,2017-07-31,2,9
3FO04,2017-10-31,0,3
3FO04,2017-11-30,2,9
4BA02bis,2015-08-31,0,2
4BA02bis,2015-10-31,0,8
4BA02bis,2015-11-30,0,8
4BA02bis,2016-01-31,0,8
4BA02bis,2016-03-31,0,2
4BA02bis,2016-05-31,0,2
4BA02bis,2016-07-31,0,2
4BA02bis,2016-09-30,0,9
4BA02bis,2016-11-30,5,7
4BA02bis,2017-02-28,0,8
4BA02bis,2017-03-31,0,7
4BA02bis,2017-05-31,2,9
4BA02bis,2017-07-31,0,9
4BA02bis,2017-09-30,0,9
4BA02bis,2017-11-30,0,9
4BA03,2015-08-31,0,9
4BA03,2015-10-31,0,8
4BA03,2015-11-30,0,8
4BA03,2016-01-31,0,8
4BA03,2016-03-31,0,8
4BA03,2016-05-31,0,2
4BA03,2016-07-31,0,2
4BA03,2016-09-30,2,7
4BA03,2016-11-30,6,6
4BA03,2017-02-28,0,7
4BA03,2017-03-31,0,4
4BA03,2017-05-31,0,9
4BA03,2017-07-31,0,9
4BA03,2017-09-30,0,9
4BA03,2017-11-30,0,9
4BA04,2015-08-31,0,6
4BA04,2015-10-31,0,8
4BA04,2015-11-30,0,8
4BA04,2016-01-31,0,8
4BA04,2016-03-31,0,8
4BA04,2016-05-31,0,2
4BA04,2016-07-31,0,2
4BA04,2016-09-30,6,6
4BA04,2016-11-30,6,6
4BA04,2017-02-28,6,6
4BA04,2017-03-31,0,4
4BA04,2017-05-31,0,2
4BA04,2017-07-31,0,9
4BA04,2017-09-30,0,9
4BA04,2017-11-30,0,9
50530,2016-01-31,2,9
50530,2016-04-30,5,4
50530,2016-05-31,5,4
50530,2016-07-31,6,9
50530,2016-09-30,5,4
50530,2016-11-30,5,4
50530,2017-01-31,2,9
50530,2017-03-31,5,4
50530,2017-05-31,6,9
50530,2017-07-31,5,7
50530,2017-09-30,5,7
50530,2017-11-30,2,9
50720,2016-01-31,2,9
50720,2016-05-31,5,4
50720,2016-07-31,6,9
50720,2016-09-30,5,7
50720,2016-11-30,5,4
50720,2017-01-31,2,9
50720,2017-03-31,5,0
50720,2017-05-31,6,9
50720,2017-07-31,5,7
50720,2017-09-30,5,4
50720,2017-11-30,2,9
604,2015-07-31,0,7
604,2015-08-31,0,0
604,2015-09-30,2,9
604,2015-10-31,3,8
604,2015-11-30,3,1
604,2015-12-31,0,0
604,2016-01-31,2,0
604,2016-02-29,8,0
604,2016-03-31,8,0
604,2016-04-30,8,0
604,2016-05-31,5,4
604,2016-06-30,1,1
604,2016-07-31,5,4
604,2016-08-31,5,4
604,2016-09-30,0,7
604,2016-10-31,0,1
604,2016-11-30,1,1
604,2016-12-31,1,1
604,2017-01-31,1,1
604,2017-02-28,1,1
604,2017-03-31,8,0
604,2017-04-30,0,4
604,2017-05-31,5,4
604,2017-06-30,5,4
604,2017-07-31,5,4
604,2017-08-31,5,4
604,2017-09-30,0,7
604,2017-10-31,0,4
604,2017-11-30,1,1
604,2017-12-31,2,9
60530,2016-01-31,2,9
60530,2016-04-30,5,4
60530,2016-05-31,5,4
60530,2016-07-31,6,9
60530,2016-09-30,5,7
60530,2016-11-30,5,4
60530,2017-01-31,2,9
60530,2017-03-31,5,0
60530,2017-05-31,6,9
60530,2017-07-31,6,9
60530,2017-09-30,5,7
60530,2017-11-30,5,2
60720,2016-01-31,2,9
60720,2016-05-31,5,4
60720,2016-07-31,6,9
60720,2016-09-30,5,4
60720,2016-11-30,5,7
60720,2017-01-31,0,4
60720,2017-03-31,5,0
60720,2017-05-31,6,9
60720,2017-07-31,5,7
60720,2017-09-30,5,4
60720,2017-11-30,2,9
614,2015-07-31,7,4
614,2015-08-31,0,4
614,2015-09-30,0,8
614,2015-10-31,3,8
614,2015-11-30,3,8
614,2015-12-31,8,0
614,2016-01-31,0,0
614,2016-02-29,8,0
614,2016-03-31,8,0
614,2016-04-30,0,2
614,2016-05-31,5,4
614,2016-06-30,0,2
614,2016-07-31,0,2
614,2016-08-31,5,4
614,2016-09-30,0,7
614,2016-10-31,5,7
614,2016-11-30,0,1
614,2016-12-31,1,1
614,2017-01-31,8,0
614,2017-02-28,8,0
614,2017-03-31,8,0
614,2017-04-30,5,4
614,2017-05-31,5,4
614,2017-06-30,1,1
614,2017-07-31,0,2
614,2017-08-31,0,2
614,2017-09-30,2,7
614,2017-10-31,0,4
614,2017-11-30,1,1
614,2017-12-31,2,9
617,2015-07-31,7,8
617,2015-08-31,7,8
617,2015-09-30,0,4
617,2015-10-31,0,8
617,2015-11-30,3,8
617,2015-12-31,8,0
617,2016-01-31,0,0
617,2016-02-29,8,0
617,2016-03-31,8,0
617,2016-04-30,0,7
617,2016-05-31,7,5
617,2016-06-30,0,2
617,2016-07-31,0,2
617,2016-08-31,0,7
617,2016-09-30,5,7
617,2016-10-31,0,7
617,2016-11-30,0,4
617,2016-12-31,1,1
617,2017-01-31,8,0
617,2017-02-28,8,0
617,2017-03-31,2,9
617,2017-04-30,5,4
617,2017-05-31,5,4
617,2017-06-30,1,9
617,2017-07-31,0,2
617,2017-08-31,0,7
617,2017-09-30,5,4
617,2017-10-31,0,4
617,2017-11-30,1,1
617,2017-12-31,0,2
6CB02bis,2015-08-31,2,9
6CB02bis,2015-10-31,2,7
6CB02bis,2015-11-30,2,3
6CB02bis,2016-01-31,2,9
6CB02bis,2016-03-31,2,3
6CB02bis,2016-05-31,2,9
6CB02bis,2016-07-31,4,9
6CB02bis,2016-09-30,2,7
6CB02bis,2016-11-30,0,9
6CB02bis,2017-02-28,2,7
6CB02bis,2017-03-31,2,7
6CB02bis,2017-05-31,2,9
6CB02bis,2017-07-31,2,9
6CB02bis,2017-09-30,0,9
6CB02bis,2017-11-30,0,9
6CB03,2015-08-31,2,2
6CB03,2015-10-31,2,8
6CB03,2015-11-30,2,9
6CB03,2016-01-31,2,9
6CB03,2016-03-31,2,3
6CB03,2016-05-31,2,9
6CB03,2016-07-31,2,9
6CB03,2016-09-30,2,9
6CB03,2016-11-30,0,9
6CB03,2017-02-28,2,3
6CB03,2017-03-31,2,9
6CB03,2017-05-31,2,9
6CB03,2017-07-31,2,9
6CB03,2017-09-30,2,9
6CB03,2017-11-30,2,9
6CB04,2015-08-31,2,2
6CB04,2015-10-31,2,3
6CB04,2015-11-30,2,3
6CB04,2016-01-31,2,9
6CB04,2016-03-31,4,3
6CB04,2016-05-31,2,9
6CB04,2016-07-31,2,9
6CB04,2016-09-30,2,9
6CB04,2016-11-30,0,2
6CB04,2017-02-28,0,3
6CB04,2017-03-31,4,3
6CB04,2017-05-31,2,9
6CB04,2017-07-31,2,9
6CB04,2017-09-30,2,2
6CB04,2017-11-30,2,2
70530,2016-01-31,2,9
70530,2016-04-30,5,4
70530,2016-05-31,5,4
70530,2016-07-31,6,9
70530,2016-09-30,5,7
70530,2016-11-30,5,4
70530,2017-01-31,2,9
70530,2017-03-31,5,4
70530,2017-05-31,6,9
70530,2017-07-31,5,7
70530,2017-09-30,5,7
70530,2017-11-30,5,7
70720,2016-01-31,2,9
70720,2016-04-30,5,4
70720,2016-05-31,5,4
70720,2016-07-31,6,9
70720,2016-09-30,5,4
70720,2016-11-30,5,4
70720,2017-01-31,2,9
70720,2017-03-31,5,4
70720,2017-05-31,6,9
70720,2017-07-31,5,4
70720,2017-09-30,5,4
70720,2017-11-30,2,9
8PC02bis,2015-08-31,2,9
8PC02bis,2015-10-31,2,9
8PC02bis,2015-11-30,2,3
8PC02bis,2016-01-31,2,9
8PC02bis,2016-03-31,2,9
8PC02bis,2016-05-31,2,3
8PC02bis,2016-07-31,2,9
8PC02bis,2016-09-30,0,2
8PC02bis,2016-12-31,0,3
8PC02bis,2017-02-28,2,9
8PC02bis,2017-03-31,2,7
8PC02bis,2017-05-31,2,9
8PC02bis,2017-07-31,2,9
8PC02bis,2017-09-30,0,3
8PC02bis,2017-11-30,2,9
8PC03,2015-08-31,2,9
8PC03,2015-10-31,2,9
8PC03,2015-11-30,2,3
8PC03,2016-01-31,2,9
8PC03,2016-03-31,2,9
8PC03,2016-05-31,2,9
8PC03,2016-07-31,2,9
8PC03,2016-09-30,0,2
8PC03,2016-12-31,0,3
8PC03,2017-02-28,2,9
8PC03,2017-03-31,2,7
8PC03,2017-05-31,2,9
8PC03,2017-07-31,2,9
8PC03,2017-09-30,0,2
8PC03,2017-11-30,2,9
8PC04,2015-08-31,2,9
8PC04,2015-10-31,2,9
8PC04,2015-11-30,2,9
8PC04,2016-01-31,2,9
8PC04,2016-03-31,4,3
8PC04,2016-05-31,2,9
8PC04,2016-07-31,4,3
8PC04,2016-09-30,2,2
8PC04,2016-12-31,0,3
8PC04,2017-02-28,2,9
8PC04,2017-03-31,2,7
8PC04,2017-05-31,2,9
8PC04,2017-07-31,2,9
8PC04,2017-09-30,2,3
8PC04,2017-11-30,2,9
9PN02bis,2015-08-31,0,8
9PN02bis,2015-10-31,2,9
9PN02bis,2015-11-30,2,3
9PN02bis,2016-01-31,2,9
9PN02bis,2016-03-31,2,9
9PN02bis,2016-05-31,0,9
9PN02bis,2016-07-31,2,9
9PN02bis,2016-09-30,0,7
9PN02bis,2016-12-31,0,3
9PN02bis,2017-02-28,0,3
9PN02bis,2017-03-31,2,9
9PN02bis,2017-05-31,2,9
9PN02bis,2017-07-31,2,9
9PN02bis,2017-09-30,5,4
9PN02bis,2017-11-30,2,9
9PN03,2015-08-31,0,9
9PN03,2015-10-31,2,9
9PN03,2015-11-30,2,3
9PN03,2016-01-31,2,7
9PN03,2016-03-31,4,3
9PN03,2016-05-31,0,9
9PN03,2016-07-31,2,3
9PN03,2016-09-30,2,9
9PN03,2016-12-31,0,3
9PN03,2017-02-28,4,3
9PN03,2017-03-31,2,9
9PN03,2017-05-31,2,9
9PN03,2017-07-31,2,9
9PN03,2017-09-30,0,3
9PN03,2017-11-30,2,3
9PN04,2015-08-31,2,9
9PN04,2015-10-31,2,9
9PN04,2015-11-30,4,3
9PN04,2016-01-31,2,9
9PN04,2016-03-31,4,3
9PN04,2016-05-31,2,9
9PN04,2016-07-31,2,3
9PN04,2016-09-30,0,2
9PN04,2016-12-31,0,3
9PN04,2017-02-28,0,3
9PN04,2017-03-31,2,9
9PN04,2017-05-31,2,9
9PN04,2017-07-31,0,2
9PN04,2017-09-30,0,2
9PN04,2017-11-30,0,3
CGM1A,2015-07-31,7,5
CGM1A,2015-09-30,7,5
CGM1A,2015-11-30,2,5
CGM1A,2016-03-31,2,9
CGM1A,2016-05-31,2,7
CGM1A,2017-01-31,2,9
CGM1A,2017-03-31,2,5
CGM1A,2017-05-31,0,4
CGM1A,2017-07-31,2,5
CGM1A,2017-09-30,2,5
CGM1A,2017-12-31,2,5
CGM1B,2015-07-31,7,5
CGM1B,2015-09-30,7,5
CGM1B,2015-11-30,2,5
CGM1B,2016-03-31,2,9
CGM1B,2016-05-31,6,6
CGM1B,2017-01-31,6,9
CGM1B,2017-03-31,6,6
CGM1B,2017-05-31,0,6
CGM1B,2017-07-31,6,6
CGM1B,2017-09-30,6,6
CGM1B,2017-12-31,6,6
CGM1C,2015-07-31,2,9
CGM1C,2015-09-30,7,5
CGM1C,2015-11-30,7,5
CGM1C,2016-03-31,2,9
CGM1C,2016-05-31,6,6
CGM1C,2017-01-31,6,6
CGM1C,2017-03-31,6,6
CGM1C,2017-05-31,6,6
CGM1C,2017-07-31,6,6
CGM1C,2017-09-30,6,6
CGM1C,2017-12-31,6,6
COM1A,2015-07-31,7,5
COM1A,2015-10-31,7,5
COM1A,2015-12-31,2,5
COM1A,2016-02-29,2,9
COM1A,2016-04-30,2,9
COM1A,2016-05-31,5,7
COM1A,2017-02-28,5,4
COM1A,2017-04-30,2,9
COM1A,2017-05-31,2,5
COM1A,2017-07-31,2,5
COM1A,2017-10-31,2,5
COM1A,2017-11-30,7,5
COM1B,2015-07-31,7,5
COM1B,2015-10-31,7,5
COM1B,2015-12-31,2,5
COM1B,2016-02-29,2,9
COM1B,2016-04-30,2,9
COM1B,2016-05-31,6,4
COM1B,2017-02-28,5,4
COM1B,2017-04-30,2,9
COM1B,2017-05-31,6,6
COM1B,2017-07-31,6,6
COM1B,2017-10-31,6,9
COM1B,2017-11-30,6,6
COM1C,2015-07-31,2,5
COM1C,2015-10-31,0,4
COM1C,2015-12-31,2,9
COM1C,2016-02-29,2,9
COM1C,2016-04-30,2,9
COM1C,2016-05-31,6,9
COM1C,2017-02-28,6,9
COM1C,2017-04-30,6,9
COM1C,2017-05-31,6,6
COM1C,2017-07-31,6,6
COM1C,2017-10-31,6,4
COM1C,2017-11-30,6,6
ICM1A,2015-08-31,2,5
ICM1A,2015-10-31,0,0
ICM1A,2015-12-31,2,7
ICM1A,2016-02-29,5,7
ICM1A,2016-04-30,5,7
ICM1A,2016-05-31,5,4
ICM1A,2016-10-31,5,4
ICM1A,2017-02-28,2,9
ICM1A,2017-04-30,5,4
ICM1A,2017-05-31,2,5
ICM1A,2017-07-31,5,7
ICM1A,2017-10-31,5,4
ICM1A,2017-11-30,2,5
ICM1B,2015-08-31,2,9
ICM1B,2015-10-31,2,9
ICM1B,2015-12-31,2,7
ICM1B,2016-02-29,5,7
ICM1B,2016-04-30,5,7
ICM1B,2016-05-31,6,9
ICM1B,2016-10-31,6,9
ICM1B,2017-02-28,6,6
ICM1B,2017-04-30,5,4
ICM1B,2017-05-31,6,6
ICM1B,2017-07-31,6,9
ICM1B,2017-10-31,6,9
ICM1B,2017-11-30,6,7
ICM1C,2015-08-31,2,9
ICM1C,2015-10-31,2,9
ICM1C,2015-12-31,2,7
ICM1C,2016-02-29,2,9
ICM1C,2016-04-30,5,4
ICM1C,2016-05-31,5,4
ICM1C,2016-10-31,6,9
ICM1C,2017-02-28,6,6
ICM1C,2017-04-30,5,4
ICM1C,2017-05-31,6,4
ICM1C,2017-07-31,6,7
ICM1C,2017-10-31,6,6
ICM1C,2017-11-30,6,6
IEM1A,2015-07-31,7,5
IEM1A,2015-09-30,2,9
IEM1A,2015-12-31,2,9
IEM1A,2016-03-31,2,9
IEM1A,2016-06-30,5,7
IEM1A,2017-02-28,2,5
IEM1A,2017-03-31,2,5
IEM1A,2017-05-31,5,7
IEM1A,2017-07-31,2,4
IEM1A,2017-09-30,2,5
IEM1A,2017-12-31,2,9
IEM1B,2015-07-31,2,9
IEM1B,2015-09-30,7,5
IEM1B,2015-12-31,2,9
IEM1B,2016-03-31,7,5
IEM1B,2016-06-30,6,7
IEM1B,2017-02-28,6,6
IEM1B,2017-03-31,6,6
IEM1B,2017-05-31,6,7
IEM1B,2017-07-31,6,6
IEM1B,2017-09-30,6,6
IEM1B,2017-12-31,6,9
IEM1C,2015-07-31,2,7
IEM1C,2015-09-30,7,5
IEM1C,2015-12-31,2,9
IEM1C,2016-03-31,7,5
IEM1C,2016-06-30,0,7
IEM1C,2017-02-28,6,6
IEM1C,2017-03-31,6,6
IEM1C,2017-05-31,6,7
IEM1C,2017-07-31,6,6
IEM1C,2017-09-30,6,6
IEM1C,2017-12-31,6,9
ITA06SMLG1,2015-07-31,1,1
ITA06SMLG1,2015-09-30,1,1
ITA06SMLG1,2015-11-30,1,1
ITA06SMLG1,2016-01-31,1,1
ITA06SMLG1,2016-03-31,1,1
ITA06SMLG1,2016-05-31,5,4
ITA06SMLG1,2016-07-31,1,1
ITA06SMLG1,2016-09-30,0,1
ITA06SMLG1,2016-11-30,0,2
ITA06SMLG1,2017-01-31,1,1
ITA06SMLG1,2017-03-31,0,4
ITA06SMLG1,2017-05-31,1,1
ITA06SMLG1,2017-07-31,1,1
ITA06SMLG1,2017-09-30,7,8
ITA06SMLG1,2017-11-30,2,9
ITA06SMLG2,2015-07-31,5,1
ITA06SMLG2,2015-09-30,1,1
ITA06SMLG2,2015-11-30,1,1
ITA06SMLG2,2016-01-31,1,1
ITA06SMLG2,2016-03-31,1,1
ITA06SMLG2,2016-05-31,5,1
ITA06SMLG2,2016-07-31,0,1
ITA06SMLG2,2016-09-30,0,1
ITA06SMLG2,2016-11-30,2,9
ITA06SMLG2,2017-01-31,1,1
ITA06SMLG2,2017-03-31,0,4
ITA06SMLG2,2017-05-31,1,1
ITA06SMLG2,2017-07-31,1,1
ITA06SMLG2,2017-09-30,3,8
ITA06SMLG2,2017-11-30,2,9
ITA06SMLG3,2015-07-31,1,1
ITA06SMLG3,2015-09-30,1,1
ITA06SMLG3,2015-11-30,1,1
ITA06SMLG3,2016-01-31,1,1
ITA06SMLG3,2016-03-31,1,1
ITA06SMLG3,2016-05-31,5,1
ITA06SMLG3,2016-07-31,1,1
ITA06SMLG3,2016-09-30,0,1
ITA06SMLG3,2016-11-30,2,9
ITA06SMLG3,2017-01-31,1,1
ITA06SMLG3,2017-03-31,0,1
ITA06SMLG3,2017-05-31,1,1
ITA06SMLG3,2017-07-31,1,1
ITA06SMLG3,2017-09-30,3,8
ITA06SMLG3,2017-11-30,2,9
ITA06SMTS1,2015-07-31,5,4
ITA06SMTS1,2015-09-30,1,1
ITA06SMTS1,2015-11-30,1,1
ITA06SMTS1,2016-01-31,1,1
ITA06SMTS1,2016-03-31,1,1
ITA06SMTS1,2016-05-31,5,4
ITA06SMTS1,2016-07-31,1,1
ITA06SMTS1,2016-09-30,0,1
ITA06SMTS1,2016-11-30,1,1
ITA06SMTS1,2017-01-31,1,1
ITA06SMTS1,2017-03-31,0,4
ITA06SMTS1,2017-05-31,1,1
ITA06SMTS1,2017-07-31,1,9
ITA06SMTS1,2017-09-30,2,8
ITA06SMTS1,2017-11-30,2,9
ITA06SMTS2,2015-07-31,5,1
ITA06SMTS2,2015-09-30,7,3
ITA06SMTS2,2015-11-30,1,1
ITA06SMTS2,2016-01-31,1,1
ITA06SMTS2,2016-03-31,1,1
ITA06SMTS2,2016-05-31,5,4
ITA06SMTS2,2016-07-31,1,1
ITA06SMTS2,2016-09-30,0,1
ITA06SMTS2,2016-11-30,1,1
ITA06SMTS2,2017-01-31,1,1
ITA06SMTS2,2017-03-31,0,4
ITA06SMTS2,2017-05-31,1,1
ITA06SMTS2,2017-07-31,1,9
ITA06SMTS2,2017-09-30,2,9
ITA06SMTS2,2017-11-30,2,9
ITA06SMTS3,2015-07-31,1,1
ITA06SMTS3,2015-09-30,1,1
ITA06SMTS3,2015-11-30,1,1
ITA06SMTS3,2016-01-31,1,1
ITA06SMTS3,2016-03-31,1,1
ITA06SMTS3,2016-05-31,5,4
ITA06SMTS3,2016-07-31,1,1
ITA06SMTS3,2016-09-30,0,1
ITA06SMTS3,2016-11-30,1,9
ITA06SMTS3,2017-01-31,1,1
ITA06SMTS3,2017-03-31,0,4
ITA06SMTS3,2017-05-31,1,1
ITA06SMTS3,2017-07-31,1,9
ITA06SMTS3,2017-09-30,2,8
ITA06SMTS3,2017-11-30,2,9
IT_m1lt01_12,2015-11-30,3,8
IT_m1lt01_12,2015-12-31,3,8
IT_m1lt01_12,2016-03-31,3,8
IT_m1lt01_12,2016-05-31,3,8
IT_m1lt01_12,2016-07-31,3,8
IT_m1lt01_12,2016-09-30,3,8
IT_m1lt01_12,2016-11-30,3,4
IT_m1lt01_12,2017-01-31,3,4
IT_m1lt01_12,2017-03-31,3,8
IT_m1lt01_12,2017-05-31,3,8
IT_m1lt01_12,2017-07-31,3,3
IT_m1lt01_12,2017-09-30,3,3
IT_m1lt01_3,2015-11-30,3,8
IT_m1lt01_3,2015-12-31,3,8
IT_m1lt01_3,2016-03-31,3,8
IT_m1lt01_3,2016-05-31,3,8
IT_m1lt01_3,2016-07-31,3,8
IT_m1lt01_3,2016-09-30,3,8
IT_m1lt01_3,2016-11-30,3,8
IT_m1lt01_3,2017-01-31,3,4
IT_m1lt01_3,2017-03-31,3,8
IT_m1lt01_3,2017-05-31,3,8
IT_m1lt01_3,2017-07-31,3,8
IT_m1lt01_3,2017-09-30,3,4
IT_m1lt01_6,2015-11-30,3,8
IT_m1lt01_6,2015-12-31,3,8
IT_m1lt01_6,2016-03-31,3,8
IT_m1lt01_6,2016-05-31,3,8
IT_m1lt01_6,2016-07-31,3,8
IT_m1lt01_6,2016-09-30,3,8
IT_m1lt01_6,2016-11-30,3,8
IT_m1lt01_6,2017-01-31,3,4
IT_m1lt01_6,2017-03-31,3,8
IT_m1lt01_6,2017-05-31,3,8
IT_m1lt01_6,2017-07-31,3,3
IT_m1lt01_6,2017-09-30,3,8
IT_m1lt02_12,2015-08-31,3,8
IT_m1lt02_12,2015-11-30,3,8
IT_m1lt02_12,2015-12-31,3,8
IT_m1lt02_12,2016-03-31,3,8
IT_m1lt02_12,2016-05-31,3,8
IT_m1lt02_12,2016-07-31,3,8
IT_m1lt02_12,2016-09-30,3,8
IT_m1lt02_12,2017-01-31,3,8
IT_m1lt02_12,2017-03-31,3,8
IT_m1lt02_12,2017-05-31,3,8
IT_m1lt02_12,2017-07-31,7,5
IT_m1lt02_12,2017-09-30,3,8
IT_m1lt02_3,2015-11-30,3,8
IT_m1lt02_3,2015-12-31,3,8
IT_m1lt02_3,2016-03-31,3,8
IT_m1lt02_3,2016-05-31,3,8
IT_m1lt02_3,2016-07-31,3,8
IT_m1lt02_3,2016-09-30,3,8
IT_m1lt02_3,2017-01-31,3,8
IT_m1lt02_3,2017-03-31,3,8
IT_m1lt02_3,2017-05-31,3,8
IT_m1lt02_3,2017-07-31,3,8
IT_m1lt02_3,2017-09-30,3,8
IT_m1lt02_6,2015-08-31,3,8
IT_m1lt02_6,2015-11-30,3,8
IT_m1lt02_6,2015-12-31,3,4
IT_m1lt02_6,2016-03-31,3,8
IT_m1lt02_6,2016-05-31,3,8
IT_m1lt02_6,2016-07-31,3,8
IT_m1lt02_6,2016-09-30,3,8
IT_m1lt02_6,2017-01-31,3,4
IT_m1lt02_6,2017-03-31,3,8
IT_m1lt02_6,2017-05-31,3,8
IT_m1lt02_6,2017-07-31,3,8
IT_m1lt02_6,2017-09-30,3,8
IT_m1rm03_12,2015-10-31,3,8
IT_m1rm03_12,2015-12-31,3,8
IT_m1rm03_12,2016-04-30,3,8
IT_m1rm03_12,2016-06-30,3,7
IT_m1rm03_12,2016-07-31,3,7
IT_m1rm03_12,2016-10-31,3,8
IT_m1rm03_12,2017-02-28,2,9
IT_m1rm03_12,2017-03-31,5,7
IT_m1rm03_12,2017-05-31,3,7
IT_m1rm03_12,2017-08-31,2,5
IT_m1rm03_12,2017-09-30,2,9
IT_m1rm03_3,2015-10-31,3,8
IT_m1rm03_3,2015-12-31,3,9
IT_m1rm03_3,2016-04-30,3,8
IT_m1rm03_3,2016-06-30,3,8
IT_m1rm03_3,2016-07-31,3,8
IT_m1rm03_3,2016-10-31,3,8
IT_m1rm03_3,2017-02-28,5,9
IT_m1rm03_3,2017-03-31,5,4
IT_m1rm03_3,2017-05-31,3,8
IT_m1rm03_3,2017-08-31,0,8
IT_m1rm03_3,2017-09-30,1,1
IT_m1rm03_6,2015-12-31,3,1
IT_m1rm03_6,2016-04-30,3,8
IT_m1rm03_6,2016-06-30,3,7
IT_m1rm03_6,2016-07-31,3,8
IT_m1rm03_6,2016-10-31,3,4
IT_m1rm03_6,2017-02-28,5,4
IT_m1rm03_6,2017-03-31,5,4
IT_m1rm03_6,2017-05-31,3,8
IT_m1rm03_6,2017-08-31,2,9
IT_m1rm03_6,2017-09-30,2,9
IT_m1vt04_12,2015-08-31,3,3
IT_m1vt04_12,2015-11-30,3,8
IT_m1vt04_12,2015-12-31,3,4
IT_m1vt04_12,2016-01-31,3,3
IT_m1vt04_12,2016-03-31,3,8
IT_m1vt04_12,2016-07-31,3,8
IT_m1vt04_12,2016-08-31,3,8
IT_m1vt04_12,2016-09-30,3,3
IT_m1vt04_12,2017-02-28,3,8
IT_m1vt04_12,2017-03-31,3,8
IT_m1vt04_12,2017-05-31,3,8
IT_m1vt04_12,2017-08-31,3,8
IT_m1vt04_12,2017-09-30,3,8
IT_m1vt04_3,2015-08-31,3,9
IT_m1vt04_3,2015-11-30,3,4
IT_m1vt04_3,2015-12-31,5,4
IT_m1vt04_3,2016-01-31,3,8
IT_m1vt04_3,2016-03-31,3,8
IT_m1vt04_3,2016-07-31,3,8
IT_m1vt04_3,2016-08-31,3,8
IT_m1vt04_3,2016-09-30,3,8
IT_m1vt04_3,2017-02-28,3,4
IT_m1vt04_3,2017-03-31,3,4
IT_m1vt04_3,2017-05-31,3,8
IT_m1vt04_3,2017-08-31,3,5
IT_m1vt04_3,2017-09-30,3,8
IT_m1vt04_6,2015-08-31,3,5
IT_m1vt04_6,2015-11-30,3,8
IT_m1vt04_6,2015-12-31,3,4
IT_m1vt04_6,2016-01-31,3,8
IT_m1vt04_6,2016-03-31,3,8
IT_m1vt04_6,2016-07-31,3,8
IT_m1vt04_6,2016-08-31,3,8
IT_m1vt04_6,2016-09-30,3,8
IT_m1vt04_6,2017-02-28,3,8
IT_m1vt04_6,2017-03-31,3,8
IT_m1vt04_6,2017-05-31,3,8
IT_m1vt04_6,2017-08-31,3,8
IT_m1vt04_6,2017-09-30,3,7
M1CL12,2015-07-31,0,2
M1CL12,2015-09-30,0,2
M1CL12,2015-11-30,3,6
M1CL12,2016-01-31,0,2
M1CL12,2016-03-31,0,6
M1CL12,2016-05-31,0,6
M1CL12,2016-07-31,0,7
M1CL12,2016-09-30,6,6
M1CL12,2016-11-30,0,6
M1CL12,2017-01-31,0,7
M1CL12,2017-03-31,0,8
M1CL12,2017-05-31,0,6
M1CL12,2017-07-31,0,6
M1CL12,2017-09-30,0,2
M1CL12,2017-11-30,0,3
M1CL3,2015-07-31,0,6
M1CL3,2015-09-30,1,1
M1CL3,2015-11-30,6,2
M1CL3,2016-01-31,0,2
M1CL3,2016-03-31,0,6
M1CL3,2016-05-31,0,6
M1CL3,2016-07-31,0,2
M1CL3,2016-09-30,0,7
M1CL3,2016-11-30,6,6
M1CL3,2017-01-31,0,7
M1CL3,2017-03-31,0,7
M1CL3,2017-05-31,0,2
M1CL3,2017-07-31,0,6
M1CL3,2017-09-30,0,2
M1CL3,2017-11-30,0,2
M1CL6,2015-07-31,0,2
M1CL6,2015-09-30,6,1
M1CL6,2015-11-30,0,0
M1CL6,2016-01-31,0,2
M1CL6,2016-03-31,0,6
M1CL6,2016-05-31,0,6
M1CL6,2016-07-31,0,6
M1CL6,2016-09-30,0,6
M1CL6,2016-11-30,0,6
M1CL6,2017-01-31,0,7
M1CL6,2017-03-31,0,7
M1CL6,2017-05-31,0,0
M1CL6,2017-07-31,0,6
M1CL6,2017-09-30,0,2
M1CL6,2017-11-30,0,6
M1FV12,2015-07-31,0,7
M1FV12,2015-09-30,0,7
M1FV12,2015-11-30,1,1
M1FV12,2016-01-31,0,7
M1FV12,2016-03-31,0,7
M1FV12,2016-05-31,0,7
M1FV12,2016-07-31,0,7
M1FV12,2016-09-30,6,6
M1FV12,2016-11-30,0,7
M1FV12,2017-01-31,0,7
M1FV12,2017-03-31,0,6
M1FV12,2017-05-31,0,7
M1FV12,2017-07-31,0,7
M1FV12,2017-09-30,0,7
M1FV12,2017-11-30,0,7
M1FV3,2015-07-31,0,7
M1FV3,2015-09-30,0,7
M1FV3,2015-11-30,0,8
M1FV3,2016-01-31,0,7
M1FV3,2016-03-31,3,8
M1FV3,2016-05-31,0,7
M1FV3,2016-07-31,0,7
M1FV3,2016-09-30,0,7
M1FV3,2016-11-30,0,7
M1FV3,2017-01-31,5,4
M1FV3,2017-03-31,0,7
M1FV3,2017-05-31,0,7
M1FV3,2017-07-31,0,7
M1FV3,2017-09-30,3,7
M1FV3,2017-11-30,0,7
M1FV6,2015-07-31,0,7
M1FV6,2015-09-30,0,6
M1FV6,2015-11-30,0,2
M1FV6,2016-01-31,0,7
M1FV6,2016-03-31,3,8
M1FV6,2016-05-31,0,7
M1FV6,2016-07-31,0,7
M1FV6,2016-09-30,0,7
M1FV6,2016-11-30,0,4
M1FV6,2017-01-31,3,7
M1FV6,2017-03-31,0,7
M1FV6,2017-05-31,0,7
M1FV6,2017-07-31,0,7
M1FV6,2017-09-30,0,7
M1FV6,2017-11-30,0,7
M1GN12,2015-07-31,0,7
M1GN12,2015-09-30,0,7
M1GN12,2015-11-30,0,2
M1GN12,2016-01-31,0,7
M1GN12,2016-03-31,3,8
M1GN12,2016-05-31,0,7
M1GN12,2016-07-31,0,7
M1GN12,2016-09-30,0,7
M1GN12,2016-11-30,0,4
M1GN12,2017-01-31,0,7
M1GN12,2017-03-31,0,7
M1GN12,2017-05-31,0,7
M1GN12,2017-07-31,0,7
M1GN12,2017-09-30,0,7
M1GN12,2017-11-30,0,7
M1GN3,2015-07-31,3,8
M1GN3,2015-09-30,0,7
M1GN3,2015-11-30,0,7
M1GN3,2016-01-31,3,7
M1GN3,2016-03-31,3,4
M1GN3,2016-05-31,0,7
M1GN3,2016-07-31,0,7
M1GN3,2016-09-30,0,7
M1GN3,2016-11-30,0,4
M1GN3,2017-01-31,0,7
M1GN3,2017-03-31,0,7
M1GN3,2017-05-31,0,7
M1GN3,2017-07-31,0,7
M1GN3,2017-09-30,0,7
M1GN3,2017-11-30,0,7
M1GN6,2015-07-31,0,7
M1GN6,2015-09-30,0,7
M1GN6,2015-11-30,0,7
M1GN6,2016-01-31,0,6
M1GN6,2016-03-31,3,2
M1GN6,2016-05-31,0,7
M1GN6,2016-07-31,0,7
M1GN6,2016-09-30,0,7
M1GN6,2016-11-30,0,0
M1GN6,2017-01-31,0,4
M1GN6,2017-03-31,0,7
M1GN6,2017-05-31,0,7
M1GN6,2017-07-31,0,7
M1GN6,2017-09-30,0,7
M1GN6,2017-11-30,0,7
M1GS12,2015-07-31,0,7
M1GS12,2015-09-30,0,7
M1GS12,2015-11-30,0,2
M1GS12,2016-01-31,1,1
M1GS12,2016-03-31,3,8
M1GS12,2016-05-31,0,7
M1GS12,2016-07-31,0,6
M1GS12,2016-09-30,0,6
M1GS12,2016-11-30,1,6
M1GS12,2017-01-31,0,7
M1GS12,2017-03-31,0,3
M1GS12,2017-05-31,0,2
M1GS12,2017-07-31,0,4
M1GS12,2017-09-30,0,7
M1GS12,2017-11-30,0,6
M1GS3,2015-07-31,0,7
M1GS3,2015-09-30,0,7
M1GS3,2015-11-30,1,1
M1GS3,2016-01-31,6,6
M1GS3,2016-03-31,3,8
M1GS3,2016-05-31,0,7
M1GS3,2016-07-31,0,6
M1GS3,2016-09-30,0,6
M1GS3,2016-11-30,0,7
M1GS3,2017-01-31,0,7
M1GS3,2017-03-31,0,7
M1GS3,2017-05-31,0,7
M1GS3,2017-07-31,0,4
M1GS3,2017-09-30,0,7
M1GS3,2017-11-30,3,7
M1GS6,2015-07-31,0,6
M1GS6,2015-09-30,0,6
M1GS6,2015-11-30,0,6
M1GS6,2016-01-31,1,1
M1GS6,2016-03-31,3,4
M1GS6,2016-05-31,0,7
M1GS6,2016-07-31,0,6
M1GS6,2016-09-30,0,2
M1GS6,2016-11-30,0,7
M1GS6,2017-01-31,0,7
M1GS6,2017-03-31,0,7
M1GS6,2017-05-31,0,7
M1GS6,2017-07-31,0,7
M1GS6,2017-09-30,0,7
M1GS6,2017-11-30,3,7
M1T1A,2017-02-28,3,1
M1T1A,2017-05-31,6,6
M1T1A,2017-08-31,6,6
M1T1A,2017-10-31,1,1
M1T1B,2015-09-30,0,5
M1T1B,2016-05-31,0,6
M1T1B,2016-07-31,0,6
M1T1B,2017-02-28,3,8
M1T1B,2017-05-31,6,6
M1T1B,2017-08-31,6,6
M1T1B,2017-10-31,1,1
M1T1C,2015-09-30,0,5
M1T1C,2016-05-31,0,6
M1T1C,2017-02-28,0,6
M1T1C,2017-05-31,6,6
M1T1C,2017-08-31,1,1
M1T1C,2017-10-31,1,1
M1T2A,2017-06-30,1,6
M1T2A,2017-08-31,1,1
M1T2A,2017-10-31,1,1
M1T2B,2015-09-30,0,2
M1T2B,2015-12-31,0,8
M1T2B,2016-05-31,0,6
M1T2B,2016-07-31,7,5
M1T2B,2017-06-30,1,1
M1T2B,2017-08-31,6,6
M1T2B,2017-10-31,1,1
M1T2C,2015-09-30,0,5
M1T2C,2015-12-31,0,8
M1T2C,2016-05-31,1,6
M1T2C,2016-07-31,7,5
M1T2C,2017-06-30,1,1
M1T2C,2017-08-31,0,6
M1T2C,2017-10-31,1,6
M1T3A,2017-05-31,0,4
M1T3A,2017-08-31,6,6
M1T3A,2017-11-30,1,6
M1T3B,2015-09-30,0,5
M1T3B,2015-12-31,7,5
M1T3B,2016-06-30,0,5
M1T3B,2017-05-31,0,1
M1T3B,2017-08-31,6,6
M1T3B,2017-11-30,1,1
M1T3C,2015-09-30,7,5
M1T3C,2015-12-31,7,5
M1T3C,2016-05-31,7,5
M1T3C,2017-05-31,1,6
M1T3C,2017-08-31,1,1
M1T3C,2017-11-30,1,1
M1T4A,2017-02-28,0,2
M1T4A,2017-05-31,0,4
M1T4A,2017-09-30,1,1
M1T4A,2017-10-31,1,1
M1T4B,2015-09-30,7,5
M1T4B,2016-01-31,7,5
M1T4B,2016-07-31,7,3
M1T4B,2017-02-28,0,6
M1T4B,2017-05-31,0,4
M1T4B,2017-09-30,1,7
M1T4B,2017-10-31,1,1
M1T4C,2015-09-30,0,5
M1T4C,2016-01-31,7,3
M1T4C,2016-07-31,7,5
M1T4C,2017-02-28,0,4
M1T4C,2017-05-31,0,4
M1T4C,2017-09-30,1,7
M1T4C,2017-10-31,1,1
M1T5A,2017-02-28,6,6
M1T5A,2017-07-31,6,6
M1T5A,2017-09-30,1,6
M1T5B,2015-09-30,7,5
M1T5B,2016-02-29,7,5
M1T5B,2016-04-30,7,5
M1T5B,2016-06-30,0,6
M1T5B,2017-02-28,6,6
M1T5B,2017-07-31,6,6
M1T5B,2017-09-30,1,1
M1T5C,2015-09-30,0,3
M1T5C,2016-02-29,0,3
M1T5C,2016-04-30,7,3
M1T5C,2016-06-30,0,4
M1T5C,2017-02-28,6,6
M1T5C,2017-07-31,6,6
M1T5C,2017-09-30,1,6
M1T6A,2017-05-31,1,6
M1T6A,2017-08-31,1,1
M1T6A,2017-12-31,1,6
M1T6B,2016-07-31,0,6
M1T6B,2017-05-31,1,1
M1T6B,2017-08-31,1,1
M1T6B,2017-12-31,1,1
M1T6C,2016-07-31,0,7
M1T6C,2017-05-31,6,6
M1T6C,2017-08-31,1,1
M1T6C,2017-12-31,1,1
M1_SINNI_1,2015-10-31,0,7
M1_SINNI_1,2015-12-31,0,4
M1_SINNI_1,2016-04-30,0,9
M1_SINNI_1,2016-05-31,0,2
M1_SINNI_1,2016-07-31,0,2
M1_SINNI_1,2016-08-31,0,7
M1_SINNI_1,2017-05-31,0,2
M1_SINNI_1,2017-06-30,0,2
M1_SINNI_1,2017-07-31,0,2
M1_SINNI_1,2017-09-30,0,2
M1_SINNI_1,2017-10-31,0,2
M1_SINNI_1,2017-11-30,0,2
M1_SINNI_2,2015-10-31,0,7
M1_SINNI_2,2015-12-31,0,8
M1_SINNI_2,2016-04-30,0,2
M1_SINNI_2,2016-05-31,0,2
M1_SINNI_2,2016-07-31,0,2
M1_SINNI_2,2016-08-31,0,2
M1_SINNI_2,2017-05-31,0,2
M1_SINNI_2,2017-06-30,0,2
M1_SINNI_2,2017-07-31,0,2
M1_SINNI_2,2017-09-30,0,2
M1_SINNI_2,2017-10-31,0,2
M1_SINNI_2,2017-11-30,0,2
M1_SINNI_3,2015-10-31,0,7
M1_SINNI_3,2015-12-31,0,8
M1_SINNI_3,2016-04-30,0,2
M1_SINNI_3,2016-05-31,0,2
M1_SINNI_3,2016-07-31,0,2
M1_SINNI_3,2016-08-31,0,2
M1_SINNI_3,2017-05-31,0,2
M1_SINNI_3,2017-06-30,0,2
M1_SINNI_3,2017-07-31,0,2
M1_SINNI_3,2017-09-30,0,2
M1_SINNI_3,2017-10-31,0,2
M1_SINNI_3,2017-11-30,0,2
MES030,2015-08-31,7,5
MES030,2015-09-30,7,5
MES030,2015-11-30,7,5
MES030,2016-01-31,7,5
MES030,2016-03-31,3,8
MES030,2016-05-31,7,5
MES030,2016-07-31,0,5
MES030,2016-09-30,7,5
MES030,2016-12-31,3,8
MES030,2017-02-28,7,5
MES030,2017-03-31,7,5
MES030,2017-05-31,7,5
MES030,2017-07-31,7,5
MES030,2017-09-30,0,4
MES030,2017-12-31,7,5
MES060,2015-08-31,7,5
MES060,2015-09-30,7,5
MES060,2015-11-30,7,5
MES060,2016-01-31,7,5
MES060,2016-03-31,0,8
MES060,2016-05-31,7,5
MES060,2016-07-31,7,5
MES060,2016-09-30,7,5
MES060,2016-12-31,7,5
MES060,2017-02-28,0,8
MES060,2017-03-31,7,5
MES060,2017-05-31,7,5
MES060,2017-07-31,7,5
MES060,2017-09-30,0,5
MES060,2017-12-31,7,5
MES120,2015-08-31,7,5
MES120,2015-09-30,7,5
MES120,2015-11-30,7,5
MES120,2016-01-31,7,5
MES120,2016-03-31,7,5
MES120,2016-05-31,7,5
MES120,2016-07-31,7,2
MES120,2016-09-30,7,5
MES120,2016-12-31,3,8
MES120,2017-02-28,3,5
MES120,2017-03-31,7,5
MES120,2017-05-31,7,5
MES120,2017-07-31,7,5
MES120,2017-09-30,7,5
MES120,2017-12-31,7,5
ORO030,2015-08-31,7,5
ORO030,2015-09-30,0,5
ORO030,2015-11-30,7,5
ORO030,2016-01-31,7,5
ORO030,2016-03-31,7,5
ORO030,2016-05-31,0,9
ORO030,2016-07-31,7,5
ORO030,2016-09-30,7,5
ORO030,2016-12-31,3,4
ORO030,2017-02-28,7,5
ORO030,2017-03-31,5,4
ORO030,2017-05-31,7,5
ORO030,2017-07-31,0,0
ORO030,2017-09-30,0,4
ORO030,2017-12-31,3,8
ORO060,2015-08-31,7,5
ORO060,2015-09-30,0,5
ORO060,2015-11-30,0,4
ORO060,2016-01-31,7,5
ORO060,2016-03-31,7,5
ORO060,2016-05-31,2,9
ORO060,2016-07-31,7,5
ORO060,2016-09-30,7,5
ORO060,2016-12-31,0,4
ORO060,2017-02-28,7,5
ORO060,2017-05-31,7,5
ORO060,2017-07-31,7,5
ORO060,2017-09-30,0,4
ORO060,2017-12-31,7,5
ORO120,2015-08-31,7,5
ORO120,2015-09-30,0,5
ORO120,2015-11-30,7,5
ORO120,2016-01-31,7,5
ORO120,2016-03-31,0,4
ORO120,2016-05-31,7,5
ORO120,2016-07-31,0,5
ORO120,2016-09-30,7,5
ORO120,2016-12-31,0,4
ORO120,2017-02-28,7,8
ORO120,2017-03-31,0,5
ORO120,2017-05-31,7,5
ORO120,2017-07-31,7,5
ORO120,2017-09-30,7,4
ORO120,2017-12-31,7,5
PLM1A,2015-08-31,2,9
PLM1A,2015-10-31,7,5
PLM1A,2015-12-31,2,7
PLM1A,2016-02-29,5,9
PLM1A,2016-04-30,5,9
PLM1A,2016-05-31,5,7
PLM1A,2016-10-31,5,4
PLM1A,2017-02-28,2,9
PLM1A,2017-04-30,5,4
PLM1A,2017-05-31,8,0
PLM1A,2017-07-31,7,5
PLM1A,2017-10-31,5,4
PLM1A,2017-11-30,2,5
PLM1B,2015-08-31,2,5
PLM1B,2015-10-31,2,9
PLM1B,2015-12-31,2,7
PLM1B,2016-02-29,5,7
PLM1B,2016-04-30,5,4
PLM1B,2016-05-31,5,4
PLM1B,2016-10-31,6,9
PLM1B,2017-02-28,6,9
PLM1B,2017-04-30,8,0
PLM1B,2017-05-31,8,0
PLM1B,2017-07-31,6,6
PLM1B,2017-10-31,6,9
PLM1B,2017-11-30,6,6
PLM1C,2015-08-31,2,5
PLM1C,2015-10-31,7,5
PLM1C,2015-12-31,2,7
PLM1C,2016-02-29,2,9
PLM1C,2016-04-30,5,9
PLM1C,2016-05-31,6,4
PLM1C,2016-10-31,6,6
PLM1C,2017-02-28,6,4
PLM1C,2017-04-30,5,4
PLM1C,2017-05-31,6,6
PLM1C,2017-07-31,6,6
PLM1C,2017-10-31,6,6
PLM1C,2017-11-30,6,6
R14001_B2_10KM,2015-07-31,0,4
R14001_B2_10KM,2015-09-30,0,8
R14001_B2_10KM,2015-11-30,0,8
R14001_B2_10KM,2016-02-29,0,0
R14001_B2_10KM,2016-03-31,0,0
R14001_B2_10KM,2016-06-30,0,2
R14001_B2_10KM,2016-07-31,0,4
R14001_B2_10KM,2016-09-30,3,8
R14001_B2_10KM,2016-11-30,0,3
R14001_B2_10KM,2017-01-31,8,0
R14001_B2_10KM,2017-03-31,0,5
R14001_B2_10KM,2017-05-31,0,2
R14001_B2_10KM,2017-07-31,7,5
R14001_B2_10KM,2017-09-30,0,2
R14001_B2_10KM,2017-11-30,0,3
R14001_B2_20KM,2015-07-31,0,4
R14001_B2_20KM,2015-09-30,3,8
R14001_B2_20KM,2015-11-30,0,8
R14001_B2_20KM,2016-02-29,0,8
R14001_B2_20KM,2016-03-31,0,8
R14001_B2_20KM,2016-06-30,7,3
R14001_B2_20KM,2016-07-31,0,4
R14001_B2_20KM,2016-09-30,3,8
R14001_B2_20KM,2016-11-30,0,4
R14001_B2_20KM,2017-01-31,8,0
R14001_B2_20KM,2017-03-31,2,9
R14001_B2_20KM,2017-05-31,7,5
R14001_B2_20KM,2017-07-31,0,2
R14001_B2_20KM,2017-09-30,0,2
R14001_B2_20KM,2017-11-30,7,5
R14001_B2_6KM,2015-07-31,0,4
R14001_B2_6KM,2015-09-30,0,4
R14001_B2_6KM,2015-11-30,0,8
R14001_B2_6KM,2016-01-31,0,0
R14001_B2_6KM,2016-03-31,0,0
R14001_B2_6KM,2016-06-30,7,2
R14001_B2_6KM,2016-07-31,0,4
R14001_B2_6KM,2016-09-30,3,8
R14001_B2_6KM,2016-11-30,0,8
R14001_B2_6KM,2017-01-31,8,0
R14001_B2_6KM,2017-03-31,2,4
R14001_B2_6KM,2017-05-31,2,9
R14001_B2_6KM,2017-07-31,7,5
R14001_B2_6KM,2017-09-30,0,2
R14001_B2_6KM,2017-11-30,4,3
SMM1A,2015-07-31,2,9
SMM1A,2015-09-30,2,9
SMM1A,2015-12-31,5,9
SMM1A,2016-02-29,2,9
SMM1A,2016-04-30,2,9
SMM1A,2016-06-30,5,7
SMM1A,2017-02-28,2,9
SMM1A,2017-04-30,2,9
SMM1A,2017-05-31,5,7
SMM1A,2017-07-31,2,5
SMM1A,2017-10-31,2,5
SMM1A,2017-12-31,2,9
SMM1B,2015-07-31,2,5
SMM1B,2015-09-30,7,5
SMM1B,2015-12-31,5,7
SMM1B,2016-02-29,2,9
SMM1B,2016-04-30,2,9
SMM1B,2016-06-30,5,7
SMM1B,2017-02-28,2,9
SMM1B,2017-04-30,5,7
SMM1B,2017-05-31,6,6
SMM1B,2017-07-31,6,6
SMM1B,2017-10-31,6,9
SMM1B,2017-12-31,6,9
SMM1C,2015-07-31,2,5
SMM1C,2015-09-30,7,5
SMM1C,2015-12-31,5,9
SMM1C,2016-02-29,2,9
SMM1C,2016-04-30,2,5
SMM1C,2016-06-30,5,7
SMM1C,2017-02-28,2,9
SMM1C,2017-04-30,5,7
SMM1C,2017-05-31,6,7
SMM1C,2017-07-31,6,6
SMM1C,2017-10-31,6,6
SMM1C,2017-12-31,6,9
SMR_CCE_WA1,2015-07-31,0,3
SMR_CCE_WA1,2015-09-30,0,3
SMR_CCE_WA1,2015-11-30,0,7
SMR_CCE_WA1,2016-03-31,0,2
SMR_CCE_WA1,2016-06-30,0,3
SMR_CCE_WA1,2016-07-31,0,8
SMR_CCE_WA1,2016-09-30,4,6
SMR_CCE_WA1,2016-11-30,4,3
SMR_CCE_WA1,2017-05-31,4,3
SMR_CCE_WA1,2017-07-31,4,6
SMR_CCE_WA1,2017-09-30,4,6
SMR_CCE_WA1,2017-12-31,4,3
SMR_CCE_WA3,2015-07-31,0,3
SMR_CCE_WA3,2015-09-30,0,3
SMR_CCE_WA3,2015-11-30,0,2
SMR_CCE_WA3,2016-03-31,0,2
SMR_CCE_WA3,2016-06-30,0,3
SMR_CCE_WA3,2016-07-31,0,3
SMR_CCE_WA3,2016-09-30,4,6
SMR_CCE_WA3,2016-11-30,4,3
SMR_CCE_WA3,2017-05-31,4,3
SMR_CCE_WA3,2017-07-31,4,6
SMR_CCE_WA3,2017-09-30,4,6
SMR_CCE_WA3,2017-12-31,4,3
SMR_CCE_WA5,2015-07-31,0,3
SMR_CCE_WA5,2015-09-30,0,3
SMR_CCE_WA5,2015-11-30,0,3
SMR_CCE_WA5,2016-03-31,0,2
SMR_CCE_WA5,2016-06-30,0,3
SMR_CCE_WA5,2016-07-31,1,1
SMR_CCE_WA5,2016-09-30,4,6
SMR_CCE_WA5,2016-11-30,4,3
SMR_CCE_WA5,2017-05-31,4,3
SMR_CCE_WA5,2017-07-31,4,3
SMR_CCE_WA5,2017-09-30,4,6
SMR_CCE_WA5,2017-12-31,4,3
SMR_CFO_WA1,2015-07-31,0,3
SMR_CFO_WA1,2015-09-30,0,7
SMR_CFO_WA1,2015-11-30,0,7
SMR_CFO_WA1,2016-03-31,0,7
SMR_CFO_WA1,2016-06-30,0,7
SMR_CFO_WA1,2016-07-31,0,3
SMR_CFO_WA1,2016-09-30,4,6
SMR_CFO_WA1,2016-12-31,4,3
SMR_CFO_WA1,2017-06-30,0,3
SMR_CFO_WA1,2017-07-31,4,6
SMR_CFO_WA1,2017-09-30,4,6
SMR_CFO_WA1,2017-11-30,4,3
SMR_CFO_WA3,2015-07-31,0,3
SMR_CFO_WA3,2015-09-30,0,3
SMR_CFO_WA3,2015-11-30,0,7
SMR_CFO_WA3,2016-03-31,0,7
SMR_CFO_WA3,2016-06-30,0,3
SMR_CFO_WA3,2016-07-31,0,7
SMR_CFO_WA3,2016-09-30,4,3
SMR_CFO_WA3,2016-12-31,4,3
SMR_CFO_WA3,2017-06-30,0,3
SMR_CFO_WA3,2017-07-31,4,6
SMR_CFO_WA3,2017-09-30,4,6
SMR_CFO_WA3,2017-11-30,4,3
SMR_CFO_WA5,2015-07-31,4,3
SMR_CFO_WA5,2015-09-30,0,7
SMR_CFO_WA5,2015-11-30,0,3
SMR_CFO_WA5,2016-03-31,0,7
SMR_CFO_WA5,2016-06-30,0,3
SMR_CFO_WA5,2016-07-31,0,3
SMR_CFO_WA5,2016-09-30,4,3
SMR_CFO_WA5,2016-12-31,4,3
SMR_CFO_WA5,2017-06-30,0,3
SMR_CFO_WA5,2017-07-31,4,3
SMR_CFO_WA5,2017-09-30,4,3
SMR_CFO_WA5,2017-11-30,4,4
SMR_COM_WA1,2015-07-31,0,3
SMR_COM_WA1,2015-09-30,0,3
SMR_COM_WA1,2015-12-31,0,3
SMR_COM_WA1,2016-04-30,1,1
SMR_COM_WA1,2016-05-31,0,7
SMR_COM_WA1,2016-07-31,0,7
SMR_COM_WA1,2016-09-30,0,3
SMR_COM_WA1,2016-12-31,4,3
SMR_COM_WA1,2017-06-30,4,6
SMR_COM_WA1,2017-07-31,4,6
SMR_COM_WA1,2017-09-30,4,6
SMR_COM_WA1,2017-11-30,4,3
SMR_COM_WA3,2015-07-31,0,3
SMR_COM_WA3,2015-09-30,0,3
SMR_COM_WA3,2015-12-31,0,3
SMR_COM_WA3,2016-04-30,1,1
SMR_COM_WA3,2016-05-31,1,1
SMR_COM_WA3,2016-07-31,0,6
SMR_COM_WA3,2016-09-30,0,7
SMR_COM_WA3,2016-12-31,4,3
SMR_COM_WA3,2017-06-30,4,6
SMR_COM_WA3,2017-07-31,4,6
SMR_COM_WA3,2017-09-30,4,3
SMR_COM_WA3,2017-11-30,4,3
SMR_COM_WA5,2015-07-31,0,3
SMR_COM_WA5,2015-09-30,0,3
SMR_COM_WA5,2015-12-31,0,3
SMR_COM_WA5,2016-04-30,1,1
SMR_COM_WA5,2016-05-31,0,3
SMR_COM_WA5,2016-07-31,0,1
SMR_COM_WA5,2016-09-30,0,7
SMR_COM_WA5,2016-12-31,4,3
SMR_COM_WA5,2017-06-30,4,3
SMR_COM_WA5,2017-07-31,4,6
SMR_COM_WA5,2017-09-30,4,3
SMR_COM_WA5,2017-11-30,4,3
SMR_CPI_WA1,2015-07-31,0,3
SMR_CPI_WA1,2015-10-31,4,3
SMR_CPI_WA1,2015-11-30,0,7
SMR_CPI_WA1,2016-03-31,0,7
SMR_CPI_WA1,2016-05-31,1,1
SMR_CPI_WA1,2016-07-31,0,7
SMR_CPI_WA1,2016-09-30,0,7
SMR_CPI_WA1,2016-11-30,4,3
SMR_CPI_WA1,2017-05-31,4,6
SMR_CPI_WA1,2017-07-31,4,3
SMR_CPI_WA1,2017-09-30,4,6
SMR_CPI_WA1,2017-11-30,4,3
SMR_CPI_WA3,2015-07-31,0,3
SMR_CPI_WA3,2015-10-31,0,3
SMR_CPI_WA3,2015-11-30,0,7
SMR_CPI_WA3,2016-03-31,0,2
SMR_CPI_WA3,2016-05-31,0,7
SMR_CPI_WA3,2016-07-31,0,1
SMR_CPI_WA3,2016-09-30,0,1
SMR_CPI_WA3,2016-11-30,4,3
SMR_CPI_WA3,2017-05-31,4,6
SMR_CPI_WA3,2017-07-31,4,3
SMR_CPI_WA3,2017-09-30,0,7
SMR_CPI_WA3,2017-11-30,4,3
SMR_CPI_WA5,2015-07-31,0,3
SMR_CPI_WA5,2015-10-31,0,3
SMR_CPI_WA5,2015-11-30,0,3
SMR_CPI_WA5,2016-03-31,0,2
SMR_CPI_WA5,2016-05-31,0,3
SMR_CPI_WA5,2016-07-31,0,3
SMR_CPI_WA5,2016-09-30,0,3
SMR_CPI_WA5,2016-11-30,4,3
SMR_CPI_WA5,2017-05-31,4,6
SMR_CPI_WA5,2017-07-31,4,3
SMR_CPI_WA5,2017-09-30,4,6
SMR_CPI_WA5,2017-11-30,4,3
VAD030,2015-08-31,7,5
VAD030,2015-10-31,7,5
VAD030,2015-11-30,7,5
VAD030,2016-01-31,7,5
VAD030,2016-04-30,0,5
VAD030,2016-05-31,7,5
VAD030,2016-07-31,7,5
VAD030,2016-09-30,0,5
VAD030,2016-12-31,3,4
VAD030,2017-02-28,7,5
VAD030,2017-04-30,2,9
VAD030,2017-05-31,7,5
VAD030,2017-07-31,0,5
VAD030,2017-09-30,0,8
VAD030,2017-11-30,7,5
VAD060,2015-08-31,7,5
VAD060,2015-10-31,7,5
VAD060,2015-11-30,7,5
VAD060,2016-01-31,7,5
VAD060,2016-04-30,0,4
VAD060,2016-05-31,0,5
VAD060,2016-07-31,7,5
VAD060,2016-09-30,7,5
VAD060,2016-12-31,3,8
VAD060,2017-02-28,7,5
VAD060,2017-04-30,2,9
VAD060,2017-05-31,7,5
VAD060,2017-07-31,7,5
VAD060,2017-09-30,0,5
VAD060,2017-11-30,7,5
VAD120,2015-08-31,7,5
VAD120,2015-10-31,7,5
VAD120,2015-11-30,7,5
VAD120,2016-01-31,7,5
VAD120,2016-04-30,0,5
VAD120,2016-05-31,7,5
VAD120,2016-07-31,0,5
VAD120,2016-09-30,7,5
VAD120,2016-12-31,3,8
VAD120,2017-02-28,7,8
VAD120,2017-04-30,2,9
VAD120,2017-05-31,7,5
VAD120,2017-07-31,7,5
VAD120,2017-09-30,7,5
VAD120,2017-11-30,3,8
VOL030,2015-08-31,7,5
VOL030,2015-10-31,7,5
VOL030,2015-11-30,7,5
VOL030,2016-01-31,7,5
VOL030,2016-03-31,0,8
VOL030,2016-05-31,0,4
VOL030,2016-07-31,0,5
VOL030,2016-09-30,0,4
VOL030,2016-12-31,3,4
VOL030,2017-02-28,7,8
VOL030,2017-03-31,0,5
VOL030,2017-05-31,0,4
VOL030,2017-07-31,7,5
VOL030,2017-09-30,0,8
VOL030,2017-11-30,7,5
VOL060,2015-08-31,7,5
VOL060,2015-10-31,7,5
VOL060,2015-11-30,7,5
VOL060,2016-01-31,7,5
VOL060,2016-03-31,0,8
VOL060,2016-05-31,7,5
VOL060,2016-07-31,0,5
VOL060,2016-09-30,2,5
VOL060,2016-12-31,3,4
VOL060,2017-02-28,2,5
VOL060,2017-03-31,7,5
VOL060,2017-05-31,0,4
VOL060,2017-07-31,7,5
VOL060,2017-09-30,0,4
VOL060,2017-11-30,7,5
VOL120,2015-08-31,7,5
VOL120,2015-10-31,7,5
VOL120,2015-11-30,7,5
VOL120,2016-01-31,7,0
VOL120,2016-03-31,7,5
VOL120,2016-05-31,7,5
VOL120,2016-07-31,7,5
VOL120,2016-09-30,7,5
VOL120,2016-12-31,3,4
VOL120,2017-02-28,7,8
VOL120,2017-03-31,2,9
VOL120,2017-05-31,7,5
VOL120,2017-07-31,7,5
VOL120,2017-09-30,7,5
VOL120,2017-11-30,0,4
